공식명칭,카페/블로그 키워드,키워드 1,키워드 2,키워드 3,비고
언니,영화 언니,언니,,,
데드풀 2: 순한맛,데드풀 2,데드풀,데드풀2,,
레인보우: 나의 사랑,레인보우 나의 사랑,영화 레인보우,레인보우 나의사랑,,
레토,영화 레토,,,,"사람이름, 상품"
미션 이스탄불 5: 더 파이널,미션 이스탄불 5,미션 이스탄불 더 파이널,미션 이스탄불5,,
주먹왕 랄프 2: 인터넷 속으로,주먹왕 랄프 2,주먹왕 랄프 2 인터넷 속으로,주먹왕 랄프,,
아이스브레이커,영화 아이스브레이커,아이스브레이커,아이스 브레이커,,
그린 북,영화 그린북,그린 북,그린북,,
내안의 그놈,내안의 그놈,내안의그놈,내 안의 그놈,내 안의 그 놈,
말모이,말모이,영화 말모이,,,
극장판 공룡메카드: 타이니소어의 섬,극장판 공룡메카드 타이니소어의 섬,공룡메카드 타이니소어의 섬,영화 공룡메카드,극장판 공룡메카드,
돈 겟 아웃!,돈겟아웃,돈 겟 아웃,돈 겟 아웃!,,
디스 크레이지 하트,다스 크레이지 하트,다스크레이지하트,,,
리지,영화 리지,리지,,,
빌리어네어 보이즈클럽,빌리어네어 보이즈클럽,빌리어네어보이즈클럽,,,
사무라이-검신 주베에,사무라이 검신 주베에,영화 사무라이 검신,,,
신 배틀로얄:극악 소년원,신 배틀로얄 극악 소년원,신 배틀로얄,배틀로얄,극악 소년원,
신 배틀로얄:극악 소년원 2,신 배틀로얄 극악 소년원 2,신 배틀로얄 2,배틀로얄,극악 소년원,
완벽한 그녀의 비밀,완벽한 그녀의 비밀,완벽한그녀의비밀,,,
요코하마 갱스터,요코하마 갱스터,요코하마갱스터,,,
아스트로: 우주전쟁,아스트로 우주전쟁,아스트로: 우주전쟁,,,
구스 베이비,구스 베이비,구스베이비,,,
그대 이름은 장미,그대 이름은 장미,그대이름은장미,,,
미래의 미라이,미래의 미라이,미래의미라이,,,
언더독,영화 언더독,언더독,,,
왕이 될 아이,왕이 될 아이,왕이될아이,,,
쿠르스크,영화 쿠르스크,쿠르스크,,,
글래스,영화 글래스,글래스,,,
더 서치,영화 더 서치,더 서치,,,
디 엔드?,영화 디 엔드,디 엔드?,,,
메이트,영화 메이트,,,,
언싱커블,언싱커블,,,,
우행록: 어리석은 자의 기록,우행록 어리석은 자의 기록,우행록,영화 우행록,,
일일시호일,일일시호일,일일 시호일,,,
창간호,영화 창간호,창간호,,,
극한직업,극한직업,극한 직업,,,
"두 번째 여름, 두 번 다시 만날 수 없는 너",두번째 여름,영화 두 번째 여름,두번째 여름 두 번 다시 만날 수 없는 너,,
몬스터파크,몬스터파크,몬스터 파크,영화 몬스터파크,,
크리미널 게임: 보석 사기단,크리미널 게임 보석 사기단,영화 크리미널게임,보석 사기단,,
행맨,행맨,,,,
가버나움,영화 가버나움,가버나움,,,
데들리 스토커,데들리 스토커,데들리스토커,,,
베스와 베라,베스와 베라,베스와베라,,,
아이 킬 자이언츠,아이 킬 자이언츠,아이킬자이언츠,,,
얼굴들,영화 얼굴들,얼굴들,,,
파이널리스트,파이널리스트,파이널 리스트,,,
하트스트링스,하트스트링스,하트 스트링스,,,
트라이아스기 월드: 잃어버린 세계,트라이아스기 월드 잃어버린 세계,트라이아스기 월드,,,
고검기담: 소명신검의 부활,고검기담 소명신검의 부활,고검기담,소명신검의 부활,,
드래곤 길들이기 3,드래곤 길들이기 3,드래곤 길들이기,드래곤 길들이기3,,
뺑반,뺑반,영화 뺑반,,,
이월,영화 이월,,,,
jk닌자걸스,jk닌자걸스,jk 닌자걸스,닌자걸스,,
극장판 헬로카봇: 옴파로스 섬의 비밀,극장판 헬로카봇 옴파로스 섬의 비밀,극장판 헬로카봇,헬로카봇 옴파로스,옴파로스 섬의 비밀,
우리가족: 라멘샵,우리가족 라멘샵,영화 우리가족 라멘샵,라멘샵,,
시인 할매,시인 할매,,,,
알리타: 배틀 엔젤,알리타 배틀앤젤,알리타,배틀앤젤,,
툼 인베이더,툼 인베이더,툼인베이더,,,
레고 무비 2,레고 무비 2,레고무비2,레고 무비,,
사랑은 비가 갠 뒤처럼,사랑은 비가 갠 뒤처럼,사랑은 비가갠뒤처럼,,,
아이스,영화 아이스,,,,
일진3,일진 3,일진3,,,
챔피언스,영화 챔피언스,,,,
콜드 워,영화 콜드워,콜드 워,,,
기묘한 가족,기묘한 가족,기묘한가족,,,
신밧드와 마법 양탄자,신밧드와 마법 양탄자,신밧드와 마법양탄자,,,
증인,영화 증인,증인,,,
닥터 킬러 패밀리,닥터 킬러 패밀리,닥터킬러 패밀리,,,
도쿄의 밤하늘은 항상 가장 짙은 블루,도쿄의 밤하늘은 항상 가장 짙은 블루,,,,
드래곤볼 슈퍼: 브로리,드래곤볼 슈퍼 브로리,영화 드래곤볼 슈퍼,,,
러브라이브! 선샤인!! 더 스쿨 아이돌 무비 오버 더 레인보우,러브라이브 선샤인 더 스쿨 아이돌 무비 오버 더 레인보우,러브라이브 선샤인 더 스쿨,,,
메리 포핀스 리턴즈,메리 포핀스 리턴즈,메리포핀스,메리포핀스 리턴즈,,
"메리, 퀸 오브 스코틀랜드",메리 퀸 오브 스코틀랜드,"메리, 퀸 오브 스코틀랜드",,,
명탐정 코난:전율의 악보,명탐정 코난 전율의 악보,명탐정 코난: 전율의 악보,전율의 악보,,
타임 워프 워,타임 워프 워,,,,
해피 데스데이 2 유,해피 데스데이 2 유,해피 데스데이,,,
해피니스 로드,해피니스 로드,해피니스로드,,,
험악한 꿈,험악한 꿈,,,,
5 솔저스,5 솔저스,5 솔져스,,,
치트 더 행맨,치트 더 행맨,치트더 행맨,,,
포 핸즈,영화 포 핸즈,,,,
모험왕 블링키,모험왕 블링키,모험왕블링키,,,
사바하,영화 사바하,사바하,,,
신데렐라:마법 반지의 비밀,신데렐라 마법 반지의 비밀,신데렐라 마법반지의 비밀,,,
콜드 체이싱,콜드 체이싱,콜드체이싱,,,
CCTV: 은밀한 시선,CCTV 은밀한 시선,,,,
더 페이버릿: 여왕의 여자,더 페이버릿 여왕의 여자,더 페이버릿,더페이버릿,,
마지막 8월 어느 기념비의 이야기,마지막 8월 어느 기념비의 이야기,,,,
살인마 잭의 집,살인마 잭의 집,살인마 잭의집,,,
허비 행콕: 무한한 가능성,허비 행콕 무한한 가능성,허비행콕 무한한 가능성,허비 행콕,,사람 이름
에이리언 어택 2019,에이리언 어택 2019,에이리언어택 2019,,,
엽문 외전,엽문 외전,,,,
더 와이프,영화 더 와이프,더 와이프,,,
래미의 초특급 시간여행,레미의 초특급 시간여행,,,,
빠삐용,영화 빠삐용,빠삐용,,,
슈퍼미니 2,슈퍼미니2,슈퍼미니,슈퍼 미니 2,,
"어쩌다, 결혼",영화 어쩌다 결혼,어쩌다 결혼,,,
옷코는 초등학생 사장님!,옷코는 초등학생 사장님,,,,
자전차왕 엄복동,자전차왕 엄복동,엄복동,,,
칠곡 가시나들,칠곡 가시나들,칠곡 가시나들,,,
퍼미션,영화 퍼미션,,,,
항거: 유관순 이야기,항거 유관순 이야기,영화 항거,유관순 이야기,,
600결사대,600결사대,,,,
국경의 왕,영화 국경의 왕,국경의 왕,,,
블레이드 소울,영화 블레이드 소울,블레이드 소울,,,"게임이 더 많이 검색됨, 삭제"
실화: 숨겨진 비밀,영화 실화 숨겨진 비밀,실화: 숨겨진 비밀,실화 숨겨진 비밀,,
캡틴 마블 : 예고편 ,캡틴 마블,,,,예고편 [캡틴 마블]
각자의 미식,각자의 미식,,,,
그때 그들,영화 그때 그들,그때 그들,,,"검색잘안됨, 삭제"
그때 그들 확장판 1: 욕망의 부활,영화 그때 그들 확장판,그때 그들 확장판,그때 그들 확장판 1: 욕망의 부활,,"검색잘안됨, 삭제"
나는 다른 언어로 꿈을 꾼다,나는 다른 언어로 꿈을 꾼다,,,,
내가 사는 세상,영화 내가 사는 세상,내가 사는 세상,,,
리노,영화 리노,,,,
브라더 오브 더 이어,브라더 오브 더 이어,,,,
타임 트랩 킬러,타임 트랩 킬러,타임 트랩 킬러,영화 타임 트랩 킬러,,
1919 유관순,영화 1919 유관순,1919 유관순,1919 유관순 그녀들의 조국,,역사
라스트 미션,영화 라스트 미션,라스트 미션,,,
무법자 난공불락 대열차,무법자 난공불락 대열차,무법자 난공불락 대열차,무법자-난공불락 대열차,,
미결처리반 Q 4: 순수의 배신,미결처리반 Q 4 순수의 배신,미결처리반 Q 4,미결처리반 Q 순수의 배신,,
봄은 온다,영화 봄은 온다,봄은 온다,,,
숲속왕국의 꿀벌 여왕,숲속왕국의 꿀벌 여왕,,,,
아사코,영화 아사코,아사코,,,
에브리타임 룩 앳 유,에브리타임 룩 앳 유,,,,
엔젤페이스,영화 엔젤페이스,,,,그릇
이스케이프 룸,영화 이스케이프 룸,이스케이프 룸,,,보드게임
질투의 역사,영화 질투의 역사,질투의 역사,,,
철벽선생,철벽선생,영화 철벽선생,,,
히치하이크,영화 히치하이크,,,,
몽 가르송,몽 가르송,,,,
돈,영화 돈,,,,
악질경찰,악질경찰,,,,
우상,영화 우상,,,,
데스티네이션 콘트롤,데스티네이션 콘트롤,,,,결과 거의 없음
무서운 이야기 : 오두막의 악마,무서운 이야기 오두막의 악마,오두막의 악마,,,결과 거의 없음
양지의 그녀,양지의 그녀,,,,
원네이션,영화 원네이션,,,,아웃렛
정글북: 마법 원정대,정글북 마법 원정대,영화 정글북,마법 원정대,,
짱,영화 짱,,,,"검색 불가, 삭제"
울프 SWAT,울프 SWAT,,,,
쿵푸 워리어,영화 쿵푸 워리어,쿵푸 워리어,,,결과 거의 없음
강변호텔,영화 강변호텔,,,,
더 길티,더 길티,영화 더 길티,,,
덤보,영화 덤보,덤보,,,
방문객,영화 방문객,,,,결과 거의 없음
선희와 슬기,선희와 슬기,,,,
썬키스 패밀리,썬키스 패밀리,썬키스 패밀리,영화 썬키스 패밀리,,
아틱,영화 아틱,,,,
어스,영화 어스,,,,
장난스런 키스,영화 장난스런 키스,장난스런 키스,,,
콜레트,영화 콜레트,,,,화장품
루스 베이더 긴즈버그: 나는 반대한다,루스 베이더 긴즈버그 나는 반대한다,루스 베이더 긴즈버그: 나는 반대한다,루스 베이더 긴즈버그,,
심장소리,영화 심장소리,,,,
출동! 도토리 구조대,출동 도토리 구조대,출동! 도토리 구조대,,,
고릴라와 슈퍼레이스,고릴라와 슈퍼레이스,고릴라와 슈퍼레이스,,,
로망,영화 로망,,,,
생일,영화 생일,,,,
샤잠!,샤잠,샤잠!,,,
아픈 만큼 사랑한다,아픈 만큼 사랑한다,,,,
나의 작은 시인에게,나의 작은 시인에게,,,,
막다른 골목의 추억,막다른 골목의 추억,,,,
스마트폰을 떨어뜨렸을 뿐인데,스마트폰을 떨어뜨렸을 뿐인데,,,,
예수보다 낯선,예수보다 낯선,,,,
오늘도 평화로운,영화 오늘도 평화로운,오늘도 평화로운,,,
우리들의 완벽한 세계,우리들의 완벽한 세계,,,,
파도치는 땅,파도치는 땅,,,,
프로디지,영화 프로디지,,,,"상품, 회사"
한강에게,영화 한강에게,한강에게,,,
공포의 묘지,영화 공포의 묘지,공포의 묘지,,,
키코리키: 시간여행,키코리키 시간여행,키코리키: 시간여행,키코리키,,
파이브 피트,파이브 피트,영화 파이브 피트,,,
헬보이,헬보이 2019,헬보이,,,
12번째 솔저,12번째 솔저,,,,
미성년,영화 미성년,미성년,,,
바이스,영화 바이스,,,,상품
쎈놈,영화 쎈놈,,,,
아이 엠 마더,영화 아이 엠 마더,,,,분유가 더 많이 검색됨
원펀치,영화 원펀치,,,,
퍼스트 리폼드,퍼스트 리폼드,,,,
필그리미지,영화 필그리미지,필그리미지,,,리조트
벌레스크,영화 벌레스크,,,,쇼
체크 메이트 캅,체크 메이트 캅,,,,
"다시, 봄","영화 다시, 봄","다시, 봄",영화 다시 봄,다시 봄,특수문자 필요
똑딱똑딱 마법의 시계나라,똑딱똑딱 마법의 시계나라,,,,
미이라: 악령의 부활,미이라 악령의 부활,미이라: 악령의 부활,,,"폭망영화, 결과 안나옴"
왓칭,영화 왓칭,,,,
요로나의 저주,요로나의 저주,,,,
노무현과 바보들,노무현과 바보들,영화 노무현,,,
던전에서 만남을 추구하면 안 되는 걸까? -오리온의 화살-,오리온의 화살,던만추 오리온의 화살,,,던만추
러브리스,영화 러브리스,러브리스,,,
뷰티플 마인드,뷰티플 마인드 2019,,,,동명영화
스탈린이 죽었다!,스탈린이 죽었다,스탈린이 죽었다!,,,
유랑지구,유랑지구,,,,
크게 될 놈,영화 크게 될 놈,크게 될 놈,,,
아메리카 뮤직&와일드,아메리카 뮤직&와일드,아메리카 뮤직 와일드,,,
어벤져스: 엔드게임,어벤져스 엔드게임,어벤져스: 엔드게임,어벤져스4,어벤저스 엔드게임,
더 캡틴,더 캡틴,,,,
도우터 오브 마인,도우터 오브 마인,,,,
메이데이,영화 메이데이,,,,삭제
베카신!,베카신,베카신!,,,
뽀로로 극장판 보물섬 대모험,뽀로로 극장판 보물섬 대모험,뽀로로 보물섬 대모험,보물섬 대모험,뽀로로 극장판,뽀로로 극장판 보물섬 대모험
스카이 라인: 더 비욘드,스카이 라인 더 비욘드,비욘드 스카이라인,,,
스피닝 맨,영화 스피닝 맨,스피닝 맨,,,
안도 타다오,영화 안도 타다오,안도 타다오,,,사람 이름
프로스펙트,영화 프로스펙트,,,,이론
하트스톤,영화 하트스톤,,,,네일샵
암드,영화 암드,,,,
나의 특별한 형제,나의 특별한 형제,,,,
대지진: 엔드 오브 더 월드,대지진 엔드 오브 더 월드,엔드 오브 더 월드,,,
어글리 돌,어글리 돌,어글리 돌스,,,
에일리언: 지구침공의 날,에일리언 지구침공의 날,지구침공의 날,,,
파업전야,영화 파업전야,파업전야,,,
프렌즈: 둥지탈출,프렌즈: 둥지탈출,마누 더 스위프트,,,
굿바이 마이 러브NK: 붉은 청춘,굿바이 마이 러브NK 붉은 청춘,굿바이 마이 러브 north korea,붉은 청춘,,
미스 스티븐스,미스 스티븐스,,,,
세계는 오늘부터 너의 것,세계는 오늘부터 너의 것,,,,
전원사형,전원사형,영화 전원사형,,,
메기의 추억,영화 메기의 추억,,,,
호텔 뭄바이,호텔 뭄바이,영화 호텔 뭄바이,,,
걸캅스,걸캅스,,,,
고양이 여행 리포트,고양이 여행 리포트,,,,
라플라스의 마녀,라플라스의 마녀,,,,
매트리악,매트리악,영화 매트리악,,,
명탐정 피카츄,명탐정 피카츄,피카츄 영화,포켓몬 디텍티브 피카추,,
벤 이즈 백,벤이즈백,,,,
에이프릴의 딸,에이프릴의 딸,,,,
우이 러브,우이 러브,일본 우이 러브,,,
해안가로의 여행,해안가로의 여행,,,,
물의 기억,물의 기억,영화 물의 기억,,,
배심원들,영화 배심원들,배심원들,,,
악인전,영화 악인전,악인전,,,
"각오는 됐나, 거기 여자",각오는 됐나 거기 여자,,,,
교회오빠,영화 교회오빠,,,,
나의 히어로 아카데미아 더 무비: 두 명의 히어로,나의 히어로 아카데미아 더 무비 두 명의 히어로,영화 나의 히어로 아카데미아,두 명의 히어로,,
논-픽션,논-픽션,두개의 삶 : 논-픽션 ,,,
로지,영화 로지,,,,"러브, 로지 제외"
몬스터 랜드,영화 몬스터 랜드,몬스터 랜드,,,
서스페리아,서스페리아,,,,
위대한 전진,위대한 전진,전쟁영화 위대한 전진,,,
자칼,영화 자칼 2017,,,,
뷰티풀 보이스,뷰티풀 보이스,,,,
어린 의뢰인,어린 의뢰인,어린 의뢰인 실화,,,
김군,영화 김군,,,,
너의 목소리,영화 너의 목소리,일본 너의 목소리,,,
더 보이,영화 더 보이,더보이,,,
돈키호테를 죽인 사나이,돈키호테를 죽인 사나이,,,,
로제타,영화 로제타,로제타 1999,,,
비질란테,영화 비질란테,,,,
시민 노무현,시민 노무현,영화 노무현,,,
알라딘,영화 알라딘,알라딘 2019,알라딘,,
언더 더 씨2,언더 더 씨 2,언더 더 씨,,,
해피타임 스파이,해피타임 스파이,,,,
기동전사 건담 내러티브,기동전사 건담 내러티브,기동전사 건담 NT,건담 NT,건담 내러티브,
0.0mhz,0.0mhz,영화 0.0mhz,,,
고질라: 킹 오브 몬스터,고질라 킹오브몬스터,고질라,킹오브몬스터,,
보희와 녹양,보희와 녹양,,,,
우리 지금 만나,영화 우리 지금 만나,,,,
파리의 딜릴리,파리의 딜릴리,,,,
기생충 : 흑백판,기생충 흑백판,,,,
소은이의 무릎,소은이의 무릎,,,,
아녜스가 말하는 바르다,아녜스가 말하는 바르다,,,,
아이 아이 가사: 다시 만난 그날,아이 아이 가사 다시 만난 그날,,,,
옹알스,영화 옹알스,,,,공연
피터팬: 후크 선장과 결투의 날,피터팬 후크 선장과 결투의 날,후크 선장과 결투의 날,,,
나는 원래 대전에서 로맨틱 코미디를 찍으려고 했었다,나는 원래 대전에서 로맨틱 코미디를 찍으려고 했었다,,,,
죄와 벌,영국 영화 죄와 벌,,,,
플레이 오어 다이,플레이 오어 다이,,,,
로켓맨,영화 로켓맨,로켓맨,,,
엑스맨: 다크 피닉스,엑스맨 다크 피닉스,다크 피닉스,엑스맨9,엑스맨,
글로리아 벨,글로리아 벨,여성영화 글로리아 벨,,,
닥치고 피아노!,영화 닥치고 피아노,닥치고 피아노!,닥치고 피아노,,
빅샤크2 : 해저2만리,빅샤크2 해저2만리,빅샤크2,,,
폴라로이드,영화 폴라로이드,,,,
하나레이 베이,하나레이 베이,,,,
공포의 신생아실,공포의 신생아실,,,,
엘프: 사탄의 인형,엘프 사탄의 인형,엘프: 사탄의 인형,,,
맨 인 블랙: 인터내셔널,맨 인 블랙 인터내셔널,맨 인 블랙4,맨 인 블랙,,
파라노말 액티비티: 드림하우스,파라노말 액티비티 드림하우스,영화 더 테러블 투,파라노말 액티비티,,
극장판 오소마츠 6쌍둥이,극장판 오소마츠 6쌍둥이,오소마츠 6쌍둥이,,,
블랙 47,영화 블랙 47,블랙 47,,,
세상을 바꾼 변호인,세상을 바꾼 변호인,온 더 베이시스 오브 섹스,,,
업사이드,영화 업사이드,,,,
엘리펀트킹 덤보,엘리펀트킹 덤보,,,,
천로역정: 천국을 찾아서,천로역정 천국을 찾아서,,,,
체 게바라: 1부 아르헨티나,체 게바라 1부 아르헨티나,체 게바라 1부,체 게바라 아르헨티나,,
체 게바라: 2부 게릴라,체 게바라 2부 게릴라,체 게바라 2부,체 게바라 게릴라,,
클로즈 에너미,클로즈 에너미,,,,
평일 오후 3시의 연인,평일 오후 3시의 연인,오후 3시의 연인,평일 오후 3시의 연인들,,
지구 최후의 날 2019,지구 최후의 날 2019,지구 최후의 날,,,
롱 리브 더 킹: 목포 영웅,롱 리브 더 킹 목포 영웅,롱 리브 더 킹,,,
검은 여름,검은 여름,영화 블랙 썸머,,,
북클럽,영화 북클럽,,,,
비블리아 고서당 사건수첩,영화 비블리아 고서당 사건수첩,,,,
사탄의 인형,사탄의 인형 2019,사탄의 인형 (Child's Play),,,
쓰리 세컨즈,영화 쓰리 세컨즈,쓰리 세컨즈,고잉 버티컬,,
에움길,영화 에움길,,,,
완벽한 살인,영화 완벽한 살인,완벽한 살인,,,
토이 스토리 4,토이 스토리 4,토이 스토리,,,
퍼펙트 타겟,퍼펙트 타겟,영화 퍼펙트 타겟,,,
하우스 오브 투모로우,하우스 오브 투모로우,하우스오브투모로우,,,
해피엔드,해피엔드 2017,영화 해피엔드,,,삭제
행복한 라짜로,행복한 라짜로,,,,
마담 싸이코,마담 싸이코,마담싸이코,영화 그레타,,
비스트,영화 비스트,,,,
애나벨 집으로,애나벨 집으로,애나벨집으로,,,
존 윅 3: 파라벨룸,존 윅 3 파라벨룸,존윅3,존윅 파라벨룸,존윅,
쁘띠 아만다,쁘띠 아만다,쁘띠아만다,,,
사범,영화 사범,,,,
솔져스 메모리,솔져스 메모리,솔져스메모리,,,
스트롱거,영화 스트롱거,스트롱거,,,
트리트 미 라이크 파이어,트리트 미 라이크 파이어,트리트미 라이크파이어,,,
라이딩 업힐,영화 라이딩 업힐,라이딩 업힐,,,
걸작,영화 걸작,,,,삭제
생사결,영화 생사결 2017,생사결,,,
컨저링 하우스,컨저링 하우스,컨저링하우스,,,
쿵푸 파이터,영화 쿵푸 파이터,,,,
스파이더맨: 파 프롬 홈,스파이더맨 파프롬홈,파프롬홈,스파이더맨,,
귀신의 향기,귀신의 향기,,,,
13년의 공백,13년의 공백,,,,
갤버스턴,갤버스턴,,,,
동명이인 프로젝트 시즌2,동명이인 프로젝트 시즌2,동명이인 프로젝트 2,동명이인 프로젝트,,
머메이드: 죽음의 호수,머메이드 죽음의 호수,,,,
별의 정원,별의 정원,,,,
칠드런 액트,칠드런 액트,,,,
한낮의 피크닉,한낮의 피크닉,,,,
기방도령,기방도령,,,,
진범,영화 진범,,,,
극장판 엉덩이 탐정: 화려한 사건 수첩,엉덩이 탐정 화려한 사건 수첩,극장판 엉덩이 탐정,화려한 사건 수첩,,
난폭한 기록,난폭한 기록,,,,
마리아 칼라스: 세기의 디바,마리아 칼라스 세기의 디바,영화 마리아 칼라스,,,
우리는 언제나 성에 살았다,우리는 언제나 성에 살았다,영화 우리는 언제나 성에 살았다,,,
조,영화 zoe,영화 조,,,
죽음을 거스른 사나이,죽음을 거스른 사나이,죽음을거스른사나이,영화 죽음을 거스른 사나이,,
벤트: 마약의 도시,벤트 마약의 도시,영화 벤트 마약의 도시,영화 벤트,마약의 도시,
나이트메어 시네마,나이트메어 시네마,영화 나이트메어 시네마,,,
라이온 킹,라이온킹 2019,라이온킹 영화,라이온 킹,,라이온 킹(2019)
사일런스,영화 사일런스,더 사일런스,사일런스,,상품명
극장판 샤이닝스타:새로운 루나퀸의 탄생!,샤이닝스타 새로운 루나퀸의 탄생,극장판 샤이닝스타,새로운 루나퀸의 탄생,,
꼬마 물고기 이자벨: 바다 대모험,꼬마 물고기 이자벨,꼬마 물고기 이자벨 바다 대모험,,,
발광하는 현대사,발광하는 현대사,발광하는 현대사 2019,,,
수영장으로 간 남자들,수영장으로 간 남자들,,,,
이케아 옷장에서 시작된 특별난 여행,이케아 옷장에서 시작된 특별난 여행,,,,
인크레더블 손오공,인크레더블 손오공,,,,
상간녀 살인사건,상간녀 살인사건,영화 상간녀 살인사건,,,
나랏말싸미,영화 나랏말싸미,나랏말싸미,,,
롱 샷,롱 샷,영화 롱샷,롱샷 2019,,
명탐정 코난: 감청의 권,명탐정 코난 감청의 권,영화 명탐정 코난,감청의 권,,
굿바이 썸머,굿바이 썸머,영화 굿바이썸머,,,
그녀들을 도와줘,그녀들을 도와줘,영화 그녀들을 도와줘,,,
돈 워리,돈 워리,영화 돈 워리,,,
레드슈즈,레드슈즈,레드 슈즈,,,
매니페스토,영화 매니페스토,매니페스토,,,
무간도 외전,무간도 외전,무간도,,,
주전장,주전장,영화 주전장,,,
지구 최후의 밤,지구 최후의 밤,,,,
캘리포니아 타이프라이터,캘리포니아 타이프라이터,,,,
쿵푸몬스터: 무림괴수전,쿵푸몬스터 무림괴수전,쿵푸몬스터,영화 쿵푸몬스터,,
파리 에듀케이션,파리 에듀케이션,,,,
데드 돈 다이,데드 돈 다이,,,,
마이펫의 이중생활 2,마이펫의 이중생활2,마이펫의 이중생활,,,
사자,영화 사자,,,,
엑시트,영화 엑시트,엑시트,,,
누구나 아는 비밀,누구나 아는 비밀,,,,
동경,영화 동경,,,,
알랭 뒤카스: 위대한 여정,알랭 뒤카스 위대한 여정,영화 알랭 뒤카스,,,
워파이터,영화 워파이터,,,,
도신 외전,도신 외전,영화 도신,,,
봉오동 전투,봉오동 전투,영화 봉오동 전투,,,
앵그리 버드 2: 독수리 왕국의 침공,영화 앵그리버드 2,앵그리 버드 2 독수리 왕국의 침공,독수리 왕국의 침공,,
캐리tv 러브콘서트 더 무비,캐리tv 러브콘서트 더 무비,,,,캐치온
김복동,영화 김복동,,,,
나는 예수님이 싫다,나는 예수님이 싫다,,,,
앨리스 죽이기,앨리스 죽이기,,,,
호크니,영화 호크니,,,,
쥬,영화 쥬 2018,,,,
더 바이 바이 맨,더 바이 바이 맨,,,,
분노의 질주: 홉스&쇼,분노의 질주 홉스&쇼,분노의 질주 홉스앤쇼,분노의 질주,,
"안녕, 티라노: 영원히, 함께",안녕 티라노,안녕 티라노 영원히 함께,영화 안녕 티라노,,
원더랜드,영화 원더랜드,원더랜드 2019,원더랜드,,20년 한국영화 개봉
인면어: 저주의 시작,인면어 저주의 시작,영화 인면어,,,
투모로우 2019: 지구 대 빙하기,투모로우 2019,투모로우 2019 지구 대 빙하기,영화 투모로우 2019,,
밤의 문이 열린다,밤의 문이 열린다,영화 밤의 문이 열린다,,,
사랑의 선물,영화 사랑의 선물,사랑의 선물,,,
수상한 교수,수상한 교수,,,,
암전,영화 암전,,,,
이타미 준의 바다,이타미 준의 바다,,,,
지구 공룡 대탐험,지구 공룡 대탐험,,,,
딥 스페이스: 외계접촉,딥스페이스 외계접촉,,,,
메시지 맨,메시지 맨,영화 메시지 맨,,,
광대들: 풍문조작단,광대들 풍문조작단,풍문조작단,광대들,,
룩 어웨이,룩 어웨이,,,,[캐치온]
변신,영화 변신,변신 2019,변신,,
블루스 인 인디아,블루스 인 인디아,영화 블루스 인 인디아,,,
감염: 지구 최후의 날,감염 지구 최후의 날,,,,
나만 없어 고양이,나만 없어 고양이,,,,
당나귀 공주,당나귀 공주,,,,
도심속의 방,도심속의 방,영화 도심속의 방,,,
디터 람스,영화 디터람스,디터람스,,,인물
라라와 움직이는 비밀의 숲,라라와 움직이는 비밀의 숲,,,,
로슈포르의 숙녀들,로슈포르의 숙녀들,,,,
롤라,영화 롤라 2019,,,,검색X 제거
애프터,영화 애프터,,,,
우리집,영화 우리집,,,,
청춘 돼지는 꿈꾸는 소녀의 꿈을 꾸지 않는다,청춘 돼지는 꿈꾸는 소녀의 꿈을 꾸지 않는다,청춘 돼지는 꿈꾸는 소녀의 꿈을 꾸지 않는다 영화,청춘 돼지,,
커런트 워,커런트 워,영화 커런트 워,,,
건달티처,건달티처,영화 건달티처,건달티쳐,,
47미터 2,47미터 2,47미터 2 영화,47미터,,
동키 킹,동키 킹,동키 킹 영화,,,
블라인드 멜로디,블라인드 멜로디,블라인드 멜로디 영화,,,
안나,영화 안나,,,,
유열의 음악앨범,유열의 음악앨범,유열의 음악앨범 영화,유열 영화,,
인비저블 위트니스,인비저블 위트니스,,,,
벌새,영화 벌새,벌새,,,
불빛 아래서,영화 불빛 아래서,불빛 아래서,,,
후로티로봇 극장판,후로티로봇 극장판,후로티로봇 영화,후로티로봇,,
갈까부다,영화 갈까부다,갈까부다,,,
고봉수 감독 단편선,고봉수 감독 단편선,,고봉수 단편선,,
9월의 사랑과 만날때까지,9월의 사랑과 만날때까지,,,,
그것: 두 번째 이야기,그것 두 번째 이야기,,,,
극장판 헬로카봇 : 달나라를 구해줘!,극장판 헬로카봇 달나라를 구해줘,극장판 헬로카봇,헬로카봇 달나라,,
틴 스피릿,틴 스피릿,틴 스피릿 영화,,,
갱스터 파라다이스,영화 갱스터 파라다이스,갱스터 파라다이스,,,
"동물, 원","영화 동물, 원","동물, 원",,,
사이코패스,영화 사이코패스,사이코패스 영화,,,삭제
아빠는 딸,영화 아빠는 딸,아빠는 딸,,,
안녕 베일리,안녕 베일리,,,,
오만,오만,오만 영화,,,삭제
폭설,영화 폭설,,,,
침입자들,영화 침입자들,침입자들,,,
극장판 반지의 비밀일기,극장판 반지의 비밀일기,,,,
나쁜 녀석들: 더 무비,나쁜 녀석들 더 무비,영화 나쁜 녀석들,나쁜 녀석들,,
오토의 클래식 음악여행,오토의 클래식 음악여행,,,,
지구 침공의 날 2019,지구 침공의 날 2019,,,,
타짜: 원 아이드 잭,타짜 원 아이드 잭,타짜 3,타짜,,
플레이모빌: 더 무비,플레이모빌 더 무비,영화 플레이모빌,,,
"힘을 내요, 미스터 리",힘을 내요 미스터 리,,,,
100일동안 100가지로 100퍼센트 행복찾기,100일동안 100가지로 100퍼센트 행복찾기,,,,
파라노말 액티비티 2019,파라노말 액티비티 2019,파라노말 액티비티,,,
예스터데이,영화 예스터데이,,,,
디스트로이어,디스트로이어,,,,
발명왕 볼트,발명왕 볼트,,,,
뷰티풀 보이,뷰티풀 보이,,,,
비뚤어진 집,비뚤어진 집,,,,
애드 아스트라,애드 아스트라,,,,
언더 더 실버레이크,언더 더 실버레이크,,,,
더 룸,영화 더 룸,더 룸,,,게임
레플리카,영화 레플리카,레플리카,,,
미드 90,미드 90,,,,
앳 퍼스트 라이트,앳 퍼스트 라이트,앳 퍼스트 라이트 영화,,,
양자물리학,영화 양자물리학,양자물리학,,,
원스 어폰 어 타임... 인 할리우드,원스 어폰 어 타임 인 할리우드,원스 어폰 어 타임,,,
장사리: 잊혀진 영웅들,장사리 잊혀진 영웅들,영화 장사리,장사리,,
CIA 데빌헌터,CIA 데빌헌터,,,,
마왕의 딸 이리샤,마왕의 딸 이리샤,,,,
메기,영화 메기,,,,
슈퍼 햄찌,슈퍼 햄찌,,,,
스페셜 솔져,스페셜 솔져,,,,
아워 바디,아워 바디,,,,
애월,영화 애월,애월,,,지명
와인스타인,와인스타인,,,,
체인지 오버,체인지 오버,,,,
헬로우 평양,헬로우 평양,,,,
가장 보통의 연애,가장 보통의 연애,,,,
소피와 드래곤: 마법책의 비밀,소피와 드래곤 마법책의 비밀,소피와 드래곤,마법책의 비밀,,
조커,영화 조커,조커,,,
테러 라이브: 싸이코패스,테러 라이브 싸이코패스,,,,
퍼펙트맨,퍼펙트맨,,,,
홍금보의 라이프타임 트레저,홍금보의 라이프타임 트레저,라이프타임 트레저,라이프타임 트레져,,
계절과 계절 사이,계절과 계절 사이,,,,
나의 노래는 멀리멀리,나의 노래는 멀리멀리,,,,
몬스터 하우스,몬스터 하우스 2019,몬스터 하우스,,,
미드소마,미드소마,,,,[감독판]
오션스: 문어구출대작전,오션스 문어구출대작전,문어구출대작전,,,
트루 시크릿,트루 시크릿,,,,
우주전쟁 2019,우주전쟁 2019,,,,
적인걸 5: 측천무후 지유명도,적인걸 5 측천무후 지유명도,적인걸 5,적인걸,,
디어 마이 프렌드,디어 마이 프렌드,,,,
수상한 이웃,수상한 이웃,,,,
잃어버린 세계를 찾아서,잃어버린 세계를 찾아서,,,,
제미니 맨,제미니 맨,,,,
쿵푸 보이,쿵푸 보이,,,,
판소리 복서,판소리 복서,,,,
여배우들의 티타임,여배우들의 티타임,,,,
여수 밤바다,영화 여수 밤바다,,,,
열두 번째 용의자,열두 번째 용의자,,,,
헤드헌터,영화 헤드헌터,,,,
첫잔처럼,첫잔처럼,,,,
너를 만난 여름,너를 만난 여름,,,,
버티고,영화 버티고,,,,
어벤져스 오브 저스티스,어벤져스 오브 저스티스,,,,
콘택트: 지구 최후의 날,콘택트 지구 최후의 날,,,,
고골: 악령과의 전쟁,고골 악령과의 전쟁,,,,
꼬마 자전거 스피디,꼬마 자전거 스피디,,,,
두번할까요,두번할까요,,,,
리메모리-기억추출,리메모리 기억추출,리메모리,,,
말레피센트 2,말레피센트 2,,,,
북간도의 십자가,북간도의 십자가,,,,
신문기자,영화 신문기자,신문기자,,,
오늘도 위위,오늘도 위위,,,,
와일드 로즈,영화 와일드 로즈,,,,화장품
재혼의 기술,재혼의 기술,재혼의기술,,,
카르텔 2045,카르텔 2045,,,,
당문,영화 당문,,,,게임
82년생 김지영,82년생 김지영,영화 82년생 김지영,,,
람보: 라스트 워,람보 라스트워,,,,
빅트립: 아기팬더 배달 대모험,빅트립,빅트립 아기팬더 배달 대모험,영화 빅트립,,
체크 히어로,체크 히어로,체크히어로,,,
경계선,영화 경계선,경계선,,,
그 옛날 집,영화 그 옛날 집,,,,삭제
버스데이 원더랜드,버스데이 원더랜드,,,,
스노우 화이트,스노우 화이트,,,,
시크릿 슈퍼스타,시크릿 슈퍼스타,,,,
워 이베이젼,워 이베이젼,,,,
퍼펙트 스트레인저,퍼펙트 스트레인저,퍼펙트 스트레인져,,,
날씨의 아이,날씨의 아이,,,,
니나 내나,영화 니나 내나,니나 내나,,,
빅 2: 황금열쇠 대소동,빅 2 황금열쇠 대소동,영화 빅 2,황금열쇠 대소동,,
빅 위시,빅 위시,영화 빅 위시,빅위시,,
사선의 끝,사선의 끝,영화 사선의 끝,사선의끝,,
엔젤 오브 마인,엔젤 오브 마인,엔젤오브마인,,,
쿠엔틴 타란티노 8,영화 쿠엔틴 타란티노,쿠엔틴 타란티노 8,쿠엔틴 타란티노,,인물
터미네이터: 다크 페이트,터미네이터 다크페이트,터미네이터,다크페이트,,
프렌드 존,프렌드 존,프렌드존,영화 프렌드존,,
하이 라이프,영화 하이 라이프,하이 라이프,,,보험 상품
"오늘, 우리",영화 오늘 우리,,,,
우먼 인 할리우드,우먼 인 할리우드,,,,
웰컴 투 스웨덴,웰컴 투 스웨덴,,,,
텔 잇 투 더 비즈,텔 잇 투 더 비즈,텔잇투더비즈,,,
가족이 되기까지,영화 가족이 되기까지,가족이 되기까지,,,
레드 사이렌,영화 레드 사이렌,레드 사이렌,,,
아직 지나지 않은 여름,아직 지나지 않은 여름,아직지나지않은여름,,,
닥터 슬립,닥터 슬립,영화 닥터 슬립,,,
더 빌리지,영화 더 빌리지,,,,건물
몬스터,중국 영화 몬스터,영화 몬스터,,,중국
신의 한 수: 귀수편,신의 한 수 귀수편,신의 한수,,,
열여섯의 봄,열여섯의 봄,,,,
왓 데이 해드,왓 데이 해드,,,,
졸업,영화 졸업 2018,영화 졸업,,,
캔 유 킵 어 시크릿?,캔 유 킵 어 시크릿,캔유킵어시크릿,,,
타이페이 스토리,타이페이 스토리,,,,
패트와 매트: 우당탕탕 크리스마스,패트와 매트 우당탕탕 크리스마스,패트와 매트,,,[해설판]
드레드아웃,영화 드레드 아웃,드레드 아웃,,,게임
블랙 머니,블랙 머니,영화 블랙머니,,,
어쩌다 룸 메이트,어쩌다 룸메이트,,,,
엔젤 해즈 폴른,엔젤 해즈 폴른,,,,
좀비랜드: 더블 탭,좀비랜드 더블 탭,좀비랜드,,,
귀권,영화 귀권,귀권,,,
늑대의 아이들,늑대의 아이들,,,,
대통령의 7시간,대통령의 7시간,,,,
더 컨덕터,더 컨덕터,영화 더 컨덕터,,,
마법안개의 비밀: 황금 보물선을 찾아라,마법 안개의 비밀,마법안개의 비밀 황금 보물선을 찾아라,,,
삽질,영화 삽질,,,,
심판,영화 심판,,,,
영하의 바람,영하의 바람,,,,
울프 특공대,울프 특공대,,,,
윤희에게,윤희에게,영화 윤희에게,,,
카메라를 멈추면 안 돼! 스핀오프: 할리우드 대작전,카메라를 멈추면 안돼 스핀오프 할리우드 대작전,카메라를 멈추면 안돼,,,
캡티브 스테이트,캡티브 스테이트,,,,
헬로 몽키,헬로 몽키,영화 헬로 몽키,,,
알카트라즈: 죽음의 수용소,알카트라즈 죽음의 수용소,,,,
겨울왕국 2,겨울왕국 2,겨울왕국,,,
시빌,영화 시빌,,,,
아빠는 예쁘다,아빠는 예쁘다,영화 아빠는 예쁘다,,,
어제 일은 모두 괜찮아,어제 일은 모두 괜찮아,,,,
얼굴없는 보스,얼굴없는 보스,,,,
접전: 갑을 전쟁,접전 갑을 전쟁,,,,
코끼리는 그곳에 있어,코끼리는 그곳에 있어,,,,
크리미널: 해튼가든,크리미널 해튼가든,해튼가든,,,
프란치스코 교황: 맨 오브 히스 워드,프란치스코 교황 맨 오브 히스 워드,영화 프란치스코 교황,,,
헤로니모,영화 헤로니모,헤로니모,,,
해킹 헌터: 마인드 컨트롤,해킹 헌터 마인드 컨트롤,해킹헌터,,,
나를 찾아줘,나를 찾아줘,영화 나를 찾아줘,,,나를 찾아줘(2019)
러브 앳,러브 앳,영화 러브 앳,,,
오피셜 시크릿,오피셜 시크릿,영화 오피셜 시크릿,,,
카센타,영화 카센타,영화 카센터,,,
크롤,영화 크롤,,,,
허슬러,영화 허슬러,,,,
녹차의 중력,녹차의 중력,,,,
대가리2:학교무림,대가리2 학교무림,,,,
분노는 말이 없다,분노는 말이 없다,,,,
삼촌,영화 삼촌,,,,
수퍼 디스코,수퍼 디스코,,,,
앵커,영화 앵커,,,,
어메이징 그레이스,영화 어메이징 그레이스,,,,
우리를 갈라놓는 것들,우리를 갈라놓는 것들,,,,
집 이야기,영화 집 이야기,집 이야기,,,
행동하는 양심 김대중,행동하는 양심 김대중,,,,
싸움의 기술,싸움의 기술 2019,,,,동명 영화
포레스트 헌터스 워,포레스트 헌터스 워,,,,
감쪽같은 그녀,감쪽같은 그녀,,,,
나이브스 아웃,나이브스 아웃,,,,
너의 여자친구,너의 여자친구,,,,
아직 사랑하고 있습니까?,아직 사랑하고 있습니까,아직 사랑하고 있습니까?,,,
굿 라이어,굿 라이어,영화 굿 라이어,,,
극장판 타오르지마 버스터-블랙어썰트의 귀환,극장판 타오르지마 버스터,극장판 타오르지마 버스터 블랙어썰트의 귀환,,,
라스트 크리스마스,영화 라스트 크리스마스,라스트 크리스마스,,,
어웨이크너: 히어로의 탄생,어웨이크너 히어로의 탄생,영화 어웨이크너,,,
파비안느에 관한 진실,파비안느에 관한 진실,,,,
1944: 인간병기,1944 인간병기,,,,
스튜핏 영 하트,스튜핏 영 하트,,,,
매리,영화 매리,,,,
아내를 죽였다,아내를 죽였다,,,,
쥬만지: 넥스트 레벨,쥬만지 넥스트 레벨,쥬만지 3,쥬만지,,
1 더하기 3,1 더하기 3,,,,
10년,영화 10년,,,,삭제
그날은 오리라,영화 그날은 오리라,그날은 오리라,,,
더 보트,영화 더 보트,,,,
더 하우스,영화 더 하우스,,,,유사 제목 영화 - 인더하우스
드래곤 빌리지,영화 드래곤 빌리지,,,,게임
디아스포라의 노래: 아리랑로드,디아스포라의 노래 아리랑로드,디아스포라의 노래,,,
디에고,영화 디에고,영화 마라도나,영화 디에고 마라도나,,인물
라 파미에,영화 라 파미에,라 파미에,,,숙박업소
라멘 덕후,영화 라멘 덕후,,,,
라스트 씬,영화 라스트 씬,,,,
사탄의 인형: 상속 받은 저주,사탄의 인형 상속 받은 저주,,,,시리즈
산타 앤 컴퍼니,산타 앤 컴퍼니,,,,
샐린저,영화 샐린저,샐린저,,,인물
속물들,영화 속물들,속물들,,,앨범
아스테릭스: 마법 물약의 비밀,아스테릭스 마법 물약의 비밀,아스테릭스,,,만화
영화로운 나날,영화로운 나날,,,,
월성,영화 월성,,,,지역명
인투 더 애쉬,인투 더 애쉬,,,,
카운트 다운,영화 카운트 다운,,,,
깡패들,영화 깡패들,,,,[무삭제판]
로빈: 살인자의 유혹,로빈 살인자의 유혹,,,,
할머니의 고양이 그리고 522걸음의 여행,할머니의 고양이 그리고 522걸음의 여행,,,,
시동,영화 시동,,,,웹툰
"미안해요, 리키",미안해요 리키,,,,
백두산,영화 백두산,,,,
블루 마이 마인드,블루 마이 마인드,,,,
신비아파트 극장판: 하늘도깨비 대 요르문간드,신비아파트 극장판: 하늘도깨비 대 요르문간드,신비아파트 극장판,,,시리즈
탈출,영화 탈출,,,,삭제
호흡,영화 호흡,,,,
공포의 묘지: 망자의 저주,공포의 묘지 망자의 저주,,,,
눈의 여왕4,눈의 여왕4,눈의여왕 4,영화 눈의 여왕,,
캣츠,영화 캣츠,영화 캐츠,,,[다국어자막]
프린스 코기,프린스 코기,,,,
와일드 라이프,영화 와일드 라이프,와일드 라이프,,,브랜드 등
"고흐, 영원의 문에서",고흐 영원의 문에서,,,,
백두번째 구름,백두 번째 구름,,,,
천문: 하늘에 묻는다,천문 하늘에 묻는다,영화 천문,,,
미드웨이,영화 미드웨이,미드웨이,,,