META_ID,META_TITLE,SUB_TITLE,ENGL_TITLE,OPEN_DY,DMST_SPCT_CNT,SRIS_NM,BTV_OPEN_DT,META_MANUF_CTRY_CD,META_MANUF_CTRY_NM,GNR_ID,META_GNR_NM,WAT_LVL_CD,WAT_LVL_NM,MANUFCO_NM,DSTBTCO_NM,SSTRY_CIN_YN,KIDS_YN
MM1000234175,0.0mhz,,0.0MHz,20190529,59344,0.0MHz[캐치온],20190812090000,001,대한민국,MG0000000001|MG0000000004,드라마|공포(호러),15,15세 관람가,"(주)제이엠컬쳐스 , (주)몬스터팩토리",(주)스마일이엔티,N,
MM1000334701,1 더하기 3,,Three Husbands,20191212,,1+3,20191212090000,006,홍콩,MG0000000001|MG0000000011,드라마|멜로/로맨스,19,19세 관람가,,,N,
MM1000311677,100일동안 100가지로 100퍼센트 행복찾기,,100 Things,20190912,707,100일 동안 100가지로 100퍼센트 행복찾기,20190930090000,013,독일,MG0000000001|MG0000000010,드라마|코미디,15,15세 관람가,,영화사 진진 ,N,
MM1000337435,10년,,Ten Years Japan,20191212,,10년,20191224090000,003,일본,MG0000000001|MG0000000014,드라마|가족,0,전체 관람가,,(주)디오시네마,N,
MM1000191569,12번째 솔저,,The 12th Man,20190411,,12번째 솔저,20190418090000,053,노르웨이,MG0000000001|MG0000000009,드라마|전쟁,12,12세 관람가,,(주)엣나인필름,N,
MM1000263927,13년의 공백,,blank 13,20190704,1142,13년의 공백,20190722090000,003,일본,MG0000000001|MG0000000014,드라마|가족,12,12세 관람가,,"(주)영화사 그램 , (주)디오시네마 ",N,
MM1000235938,1919 유관순,,,20190314,57370,1919 유관순,20190628090000,001,대한민국,MG0000000001|MG0000000017,드라마|다큐멘터리,12,12세 관람가,유관순문화산업전문유한회사 ,"(주)마운틴픽쳐스 , kth(주) ",N,
MM1000321925,47미터 2,,47 METERS DOWN: UNCAGED,20190828,478832,47미터 2,20191025090000,002,미국,MG0000000003|MG0000000004,스릴러|공포(호러),15,15세 관람가,,"TCO(주)더콘텐츠온 , (주)제이앤씨미디어그룹 ",N,
MM1000140786,5 솔저스,,T.I.M,20190218,,5 솔저스,20190218090000,111,터키,MG0000000001|MG0000000009,드라마|전쟁,15,15세 관람가,,BX픽쳐스 ,N,
MM1000150273,600결사대,,Defenders,20190228,,600결사대,20190228090000,004,중국,MG0000000002|MG0000000009,액션|전쟁,15,15세 관람가,,(주)아이아스플러스,N,
MM1000329832,82년생 김지영,,"KIM JI-YOUNG, BORN 1982",20191023,1816629,82년생 김지영,20191203000000,001,대한민국,MG0000000001|MG0000000014,드라마|가족,12,12세 관람가,(주)봄바람영화사,롯데엔터테인먼트 ,N,
MM1000297808,9월의 사랑과 만날때까지,,Until I Meet September's Love,20190904,,9월의 사랑과 만날때까지,20190904090000,003,일본,MG0000000001|MG0000000006|MG0000000011,드라마|판타지|멜로/로맨스,0,전체 관람가,,(주)얼리버드픽쳐스,N,
MM1000143770,CCTV: 은밀한 시선,,Welcome Home,20190221,,CCTV: 은밀한 시선,20190221090000,002,미국,MG0000000001|MG0000000003,드라마|스릴러,19,19세 관람가,,(주)비디오가게 ,N,
MM1000314117,CIA 데빌헌터,,All The Devil's Men,20190926,,CIA 데빌헌터,20190926090000,008,영국,MG0000000002|MG0000000003,액션|스릴러,15,15세 관람가,,씨네라인월드(주),N,
MM1000131454,jk닌자걸스,,JK Ninja Girls,20190131,,jk닌자걸스,20190131090000,003,일본,MG0000000002|MG0000000006|MG0000000010,액션|판타지|코미디,12,12세 관람가,,(주)액티버스엔터테인먼트,N,
MM1000144881,가버나움,,Capharnaum,20190124,38276,가버나움,20190222090000,007|057,프랑스|레바논,MG0000000001|MG0000000014,드라마|가족,15,15세 관람가,,"세미콜론 스튜디오 , 그린나래미디어(주) ",N,
MM1000325247,가장 보통의 연애,,Crazy Romance,20191002,2851980,가장 보통의 연애,20191112000000,001,대한민국,MG0000000010|MG0000000011,코미디|멜로/로맨스,15,15세 관람가,영화사 집,(주)넥스트엔터테인먼트월드(NEW),N,
MM1000324057,가족이 되기까지,,In Safe Hands,20191101,,가족이 되기까지,20191101090000,007,프랑스,MG0000000001|MG0000000014,드라마|가족,12,12세 관람가,,주식회사 세미콜론스튜디오,N,
MM1000210407,"각오는 됐나, 거기 여자",,Lock-On Love,20190516,,"각오는 됐나, 거기 여자",20190516090000,003,일본,MG0000000001|MG0000000011,드라마|멜로/로맨스,0,전체 관람가,,(주)엔케이컨텐츠 ,N,
MM1000151578,각자의 미식,,Beautiful Food,20190307,,각자의 미식,20190307090000,001,대한민국,MG0000000001|MG0000000014,드라마|가족,12,12세 관람가,하준사,,N,
MM1000352096,갈까부다,,Wish you were here,20190901,,갈까부다,20200312090000,001,대한민국,MG0000000001|MG0000000017,드라마|다큐멘터리,12,12세 관람가,,(주)씨엠닉스 ,N,
MM1000337386,감쪽같은 그녀,,A Little Princess,20191204,33091,감쪽같은 그녀,20191224090000,001,대한민국,MG0000000001|MG0000000014,드라마|가족,0,전체 관람가,(주)지오필름,메가박스중앙(주)플러스엠 ,N,
MM1000194134,강변호텔,,Hotel by the River,20190327,3393,강변호텔,20190423090000,001,대한민국,MG0000000001|MG0000000014,드라마|가족,15,15세 관람가,(주)영화제작전원사 ,"(주) 영화제작전원사 , 콘텐츠판다 , 무브먼트 ",N,
MM1000260661,갤버스턴,,Galveston,20190704,2013,갤버스턴,20190712090000,002,미국,MG0000000001|MG0000000005,드라마|범죄,15,15세 관람가,,(주)삼백상회,N,
MM1000303061,갱스터 파라다이스,,South Wind,20190905,,갱스터 파라다이스,20190905090000,999,기타,MG0000000001|MG0000000002,드라마|액션,19,19세 관람가,,(주)아이아스플러스 ,N,
MM1000350769,걸작,,MASTERPIECE,20190701,,걸작,20200305090000,001,대한민국,MG0000000001|MG0000000010,드라마|코미디,12,12세 관람가,,(주)씨엠닉스 ,N,
MM1000228470,걸캅스,,Miss & Mrs. Cops,20190509,3926,걸캅스,20190605090000,001,대한민국,MG0000000002|MG0000000010,액션|코미디,15,15세 관람가,필름 모멘텀 ,CJ 엔터테인먼트 ,N,
MM1000244805,검은 여름,,Black Summer,20190620,,검은 여름,20190625090000,001,대한민국,MG0000000001|MG0000000011,드라마|멜로/로맨스,15,15세 관람가,,(주)미로스페이스 ,N,
MM1000343909,겨울왕국 2,,Frozen 2,20191121,,겨울왕국 2[3D],20200217090000,002,미국,MG0000000006|MG0000000008|MG0000000010|MG0000000013|MG0000000014|MG0000000018,판타지|애니메이션|코미디|어드벤처|가족|뮤지컬,0,전체 관람가,,월트 디즈니 컴퍼니 코리아 ,N,
MM1000328522,경계선,,Border,20191024,9335,경계선,20191119090000,017|036,스웨덴|덴마크,MG0000000003|MG0000000006|MG0000000011,스릴러|판타지|멜로/로맨스,19,19세 관람가,,(주)제이앤씨미디어그룹,N,
MM1000319387,계절과 계절 사이,,Between the Seasons,20191003,151,계절과 계절 사이,20191017090000,001,대한민국,MG0000000001|MG0000000011,드라마|멜로/로맨스,15,15세 관람가,한국영상대학교,(주)마노엔터테인먼트,N,
MM1000126856,고검기담: 소명신검의 부활,,Legend of the Ancient Sword,20190130,,고검기담: 소명신검의 부활,20190130090000,004,중국,MG0000000002|MG0000000006,액션|판타지,12,12세 관람가,,레이크엔터테인먼트,N,
MM1000320434,고골: 악령과의 전쟁,,Gogol.VIY,20191017,,고골: 악령과의 전쟁[캐치온],20200207000000,015,러시아,MG0000000003|MG0000000012,스릴러|미스터리,15,15세 관람가,,하드릴컴퍼니,N,
MM1000179222,고릴라와 슈퍼레이스,,Louis & Nolan: The big Cheese Race,20190403,640,고릴라와 슈퍼레이스,20190409090000,053,노르웨이,MG0000000148|MG0000000395,코미디|가족,0,전체 관람가,Aukruststiftelsen ,와이드 릴리즈(주),N,
MM1000354209,고봉수 감독 단편선,,,20190901,,고봉수 감독 단편선,20200326090000,001,대한민국,MG0000000001|MG0000000010,드라마|코미디,15,15세 관람가,,(주)씨엠닉스 ,N,
MM1000217297,고양이 여행 리포트,,The Travelling Cat Chronicles,20190509,1362,고양이 여행 리포트,20190524090000,003,일본,MG0000000001|MG0000000014,드라마|가족,0,전체 관람가,,아이 엠(eye m) ,N,
MM1000242299,고질라: 킹 오브 몬스터,,Godzilla: King of the Monsters,20190529,157836,고질라: 킹 오브 몬스터,20190626000000,002,미국,MG0000000002|MG0000000013|MG0000000015,액션|어드벤처|SF,12,12세 관람가,,워너 브러더스 코리아(주) ,N,
MM1000341945,"고흐, 영원의 문에서",,At eternity's gate,20191226,16691,"고흐, 영원의 문에서",20200115090000,002|007,미국|프랑스,MG0000000001|MG0000000014,드라마|가족,12,12세 관람가,,(주)팝엔터테인먼트,N,
MM1000205583,공포의 묘지,,Pet Sematary,20190410,,공포의 묘지(2019),20190508090000,002,미국,MG0000000003|MG0000000004,스릴러|공포(호러),15,15세 관람가,,롯데엔터테인먼트 ,N,
MM1000251085,공포의 신생아실,,The Nursery,20190610,,공포의 신생아실,20190704090000,002,미국,MG0000000004|MG0000000012,공포(호러)|미스터리,15,15세 관람가,,주식회사 레드아이스,N,
MM1000304221,광대들: 풍문조작단,,Jesters: The Game Changers,20190821,578190,광대들: 풍문조작단,20190911090000,001,대한민국,MG0000000001|MG0000000016,드라마|사극,12,12세 관람가,(주)영화사심플렉스,워너브러더스 코리아(주),N,
MM1000356552,교회오빠,,A Job Who Is near Us,20190516,,교회오빠,20200402090000,001,대한민국,MG0000000001|MG0000000017,드라마|다큐멘터리,0,전체 관람가,KBS ,커넥트픽쳐스 ,N,
MM1000126752,구스 베이비,,Duck Duck Goose,20190116,60,구스 베이비,20190125000000,002,미국,MG0000000143|MG0000000148|MG0000000395,어드벤처|코미디|가족,0,전체 관람가,"GFM Animation, 완다미디어, Original Force",(주)이수C&E,N,
MM1000264507,국경의 왕,,The King of the Border,20190228,1887,국경의 왕,20190724090000,001,대한민국,MG0000000001|MG0000000013|MG0000000014,드라마|어드벤처|가족,15,15세 관람가,,"무브먼트 , 인디스페이스 ",N,
MM1000341962,굿 라이어,,The Good Liar,20191205,26382,굿 라이어,20200117090000,002,미국,MG0000000001|MG0000000003,드라마|스릴러,15,15세 관람가,,워너 브러더스 코리아(주) ,N,
MM1000216083,굿바이 마이 러브NK: 붉은 청춘,,"Goodbye My Love, North Korea",20190502,801,굿바이 마이 러브NK: 붉은 청춘 ,20190522090000,001,대한민국,MG0000000001|MG0000000017,드라마|다큐멘터리,12,12세 관람가,"822 Films , Akademie Der Kunste Der Welt ",(주)시네마달 ,N,
MM1000280365,굿바이 썸머,,Goodbye Summer,20190725,,굿바이 썸머,20190814090000,001,대한민국,MG0000000001|MG0000000011,드라마|멜로/로맨스,12,12세 관람가,"(주)이에스픽쳐스 , 인디스토리",인디스토리,N,
MM1000319509,그 옛날 집,,Like An Old House,20191024,,그 옛날 집,20191024090000,071,베트남,MG0000000001|MG0000000014,드라마|가족,12,12세 관람가,,,N,
MM1000315817,그것: 두 번째 이야기,,It Chapter Two,20190904,303,그것: 두 번째 이야기,20191002090000,002,미국,MG0000000001|MG0000000003,드라마|스릴러,15,15세 관람가,,워너 브러더스 코리아(주) ,N,
MM1000336086,그날은 오리라,,Our Time Will Come,20191212,,그날은 오리라,20191218090000,004|006,중국|홍콩,MG0000000001|MG0000000009,드라마|전쟁,15,15세 관람가,,(주)씨맥스이앤씨 ,N,
MM1000276138,그녀들을 도와줘,,Support the girls,20190725,,그녀들을 도와줘,20190806090000,002,미국,MG0000000001|MG0000000010,드라마|코미디,15,15세 관람가,,(주)영화사오원,N,
MM1000129535,그대 이름은 장미,,ROSEBUD,20190116,1184,그대 이름은 장미,20190131000000,001,대한민국,MG0000000001|MG0000000010,드라마|코미디,12,12세 관람가,(주)엠씨엠씨,(주)리틀빅픽쳐스,N,
MM1000168035,그때 그들,,LORO,20190307,293,그때 그들,20190325090000,022,이탈리아,MG0000000001|MG0000000010,드라마|코미디,19,19세 관람가,,영화사 진진 ,N,
MM1000159247,그린 북,,Green Book,20190109,223775,그린 북,20190314090000,002,미국,MG0000000001|MG0000000013|MG0000000014,드라마|어드벤처|가족,12,12세 관람가,,CGV아트하우스,N,
MM1000131455,극장판 공룡메카드: 타이니소어의 섬,,,20190110,142,극장판 공룡메카드: 타이니소어의 섬,20190131090000,001,대한민국,MG0000000141|MG0000000143|MG0000000144,SF|어드벤처|액션,0,전체 관람가,(주)초이락컨텐츠팩토리,(주)넥스트엔터테인먼트월드(NEW),N,
MM1000314165,극장판 반지의 비밀일기,,,20190911,,극장판 반지의 비밀일기,20191001090000,001,대한민국,MG0000000001|MG0000000008,드라마|애니메이션,0,전체 관람가,"(주)애니맥스 브로드캐스팅 코리아 , (주)쏘울크리에이티브 ","(주)영화사 빅, (주)버킷스튜디오",N,
MM1000269542,극장판 샤이닝스타:새로운 루나퀸의 탄생!,,Shining Star: Lunar Queen,20190718,,극장판 샤이닝스타:새로운 루나퀸의 탄생!,20190730090000,001,대한민국,MG0000000146|MG0000000147|MG0000000150|MG0000000397,순정|드라마|학원물|아이돌,0,전체 관람가,(주)마로스튜디오,(주)리틀빅픽쳐스,N,
MM1000269407,극장판 엉덩이 탐정: 화려한 사건 수첩,,Butt Detective The Movie,20190711,,엉덩이 탐정: 화려한 사건 수첩,20190726090000,003,일본,MG0000000148|MG0000000155,코미디|추리/탐정,0,전체 관람가,토에이 애니메이션,(주)넥스트엔터테인먼트월드(NEW),N,
MM1000326319,극장판 오소마츠 6쌍둥이,,OSOMATSUSAN THE MOVIE,20190613,8898,극장판 오소마츠 6쌍둥이,20191114000000,003,일본,MG0000000147|MG0000000148|MG0000000395,드라마|코미디|가족,15,15세 관람가,스튜디오 피에로,(주)리틀빅픽쳐스,N,
MM1000333080,극장판 타오르지마 버스터-블랙어썰트의 귀환,,The Return of Dark Assault,20191205,1535,극장판 타오르지마 버스터 - 블랙어썰트의 귀환,20200210170000,001,대한민국,MG0000000141|MG0000000143|MG0000000144|MG0000000148|MG0000000398,SF|어드벤처|액션|코미디|히어로,0,전체 관람가,(주)시너지미디어,(주)이수C&E,N,
MM1000315712,극장판 헬로카봇 : 달나라를 구해줘!,,Hello Carbot the Movie: Save the Moon,20190904,2595,극장판 헬로카봇: 달나라를 구해줘!,20191001100000,001,대한민국,MG0000000141|MG0000000144|MG0000000398,SF|액션|히어로,0,전체 관람가,(주)초이락컨텐츠팩토리,롯데컬처웍스(주)롯데엔터테인먼트,N,
MM1000142802,극장판 헬로카봇: 옴파로스 섬의 비밀,,,20190131,51127,극장판 헬로카봇: 옴파로스 섬의 비밀,20190219090000,001,대한민국,MG0000000141|MG0000000144|MG0000000398,SF|액션|히어로,0,전체 관람가,(주)초이락컨텐츠팩토리,(주)넥스트엔터테인먼트월드(NEW),N,
MM1000152655,극한직업,,Extreme Job,20190123,4808821,극한직업,20190313090000,001,대한민국,MG0000000001|MG0000000010,드라마|코미디,15,15세 관람가,"어바웃필름 , 영화사 해그림 , CJ 엔터테인먼트 ",CJ 엔터테인먼트 ,N,
MM1000182787,글래스,,Glass,20190117,466475,글래스,20190415090000,002,미국,MG0000000001|MG0000000003|MG0000000012|MG0000000015,드라마|스릴러|미스터리|SF,15,15세 관람가,,월트 디즈니 컴퍼니 코리아 ,N,
MM1000250334,글로리아 벨,,Gloria Bell,20190606,910,글로리아 벨,20190704090000,002|024,미국|칠레,MG0000000001|MG0000000011,드라마|멜로/로맨스,15,15세 관람가,,소니픽처스코리아 ,N,
MM1000218824,기동전사 건담 내러티브,,Mobile Suit Gundam Narrative,20190524,,기동전사 건담 내러티브,20190523090000,003,일본,MG0000000141|MG0000000144,SF|액션,12,12세 관람가,선라이즈,(주)디스테이션,N,
MM1000148217,기묘한 가족,,THE ODD FAMILY : ZOMBIE ON SALE,20190213,7120,기묘한 가족,20190227090000,001,대한민국,MG0000000001|MG0000000010|MG0000000014,드라마|코미디|가족,12,12세 관람가,씨네주 오스카10스튜디오 ,메가박스중앙(주)플러스엠 ,N,
MM1000266962,기방도령,,HOMME FATALE,20190710,247,기방도령,20190724090000,001,대한민국,MG0000000010|MG0000000016,코미디|사극,15,15세 관람가,"브레인샤워 , 제이와이피픽쳐스 ",판씨네마(주) ,N,
MM1000273546,기생충,,PARASITE,20190530,9576525,기생충,20190730090000,001,대한민국,MG0000000001|MG0000000014,드라마|가족,15,15세 관람가,(주)바른손이앤에이,CJ 엔터테인먼트 ,N,
MM1000365722,기생충 : 흑백판,,PARASITE,20190530,,기생충 : 흑백판,20200514090000,001,대한민국,MG0000000001|MG0000000014,드라마|가족,15,15세 관람가,(주)바른손이앤에이 ,CJ 엔터테인먼트 ,N,
MM1000259949,김군,,KIM-GUN,20190523,14962,김군,20190711090000,001,대한민국,MG0000000001|MG0000000017,드라마|다큐멘터리,12,12세 관람가,1011 필름,영화사 풀,N,
MM1000307023,김복동,,My Name Is KIM Bok-dong,20190808,78092,김복동,20190911090000,001,대한민국,MG0000000001|MG0000000017,드라마|다큐멘터리,12,12세 관람가,뉴스타파 ,(주)엣나인필름 ,N,
MM1000265729,꼬마 물고기 이자벨: 바다 대모험,,Izzie's Way Home,20190718,,꼬마 물고기 이자벨: 바다 대모험,20190723090000,002,미국,MG0000000143|MG0000000395|MG0000000667,어드벤처|가족|키즈드라마,0,전체 관람가,어사일럼,와이드 릴리즈(주),N,
MM1000320978,꼬마 자전거 스피디,,Bikes,20191017,,꼬마 자전거 스피디,20191022090000,019,스페인,MG0000000143|MG0000000144|MG0000000395,어드벤처|액션|가족,0,전체 관람가,,(주)박수엔터테인먼트,N,
MM1000158184,나는 다른 언어로 꿈을 꾼다,,I Dream in Another Language,20190307,,나는 다른 언어로 꿈을 꾼다,20190313090000,016|038,멕시코|네덜란드,MG0000000001|MG0000000012,드라마|미스터리,15,15세 관람가,"AgenciaSha , Alebrije Cine y Video ",아이 엠,N,
MM1000282504,나는 예수님이 싫다,,Jesus,20190808,806,나는 예수님이 싫다,20190816090000,003,일본,MG0000000001|MG0000000014,드라마|가족,0,전체 관람가,,"(주)싸이더스, (주)삼백상회",N,
MM1000282796,나랏말싸미,,The King's Letters,20190724,899996,나랏말싸미,20190814090000,001,대한민국,MG0000000001|MG0000000016,드라마|사극,0,전체 관람가,(주)영화사두둥,메가박스중앙(주)플러스엠 ,N,
MM1000335764,나를 찾아줘,나를 찾아줘(2019),Bring Me Home,20191127,356820,나를 찾아줘(2019),20191218090000,001,대한민국,MG0000000001|MG0000000003,드라마|스릴러,15,15세 관람가,(주)26컴퍼니,워너브러더스 코리아(주),N,
MM1000300094,나만 없어 고양이,,"Hello, My Cat",20190822,,나만 없어 고양이,20190902090000,001,대한민국,MG0000000001|MG0000000006|MG0000000014,드라마|판타지|가족,0,전체 관람가,라이터스,(주)트리플픽쳐스,N,
MM1000318591,나쁜 녀석들: 더 무비,,The Bad Guys: Reign of Chaos,20190911,4480994,나쁜 녀석들: 더 무비,20191016000000,001,대한민국,MG0000000002|MG0000000005,액션|범죄,15,15세 관람가,"CJ 엔터테인먼트 , 영화사비단길 ",씨제이이앤엠(주),N,
MM1000320775,나의 노래는 멀리멀리,,"Free My Soul, Free My Song",20191003,711,나의 노래는 멀리멀리,20191022090000,001,대한민국,MG0000000001|MG0000000017,드라마|다큐멘터리,0,전체 관람가,,영화사 풀,N,
MM1000199295,나의 작은 시인에게,,The Kindergarten Teacher,20190404,967,나의 작은 시인에게,20190429090000,002,미국,MG0000000001|MG0000000014,드라마|가족,15,15세 관람가,,(주)엣나인필름,N,
MM1000220301,나의 특별한 형제,,Inseparable Bros,20190501,36343,나의 특별한 형제,20190524090000,001,대한민국,MG0000000001|MG0000000010,드라마|코미디,12,12세 관람가,"명필름 , 조이래빗 ",(주)NEW ,N,
MM1000225480,나의 히어로 아카데미아 더 무비: 두 명의 히어로,,MY HERO ACADEMIA: Two Heroes,20190516,,나의 히어로 아카데미아 더 무비 : 두 명의 히어로,20190530090000,003,일본,MG0000000141|MG0000000144|MG0000000150|MG0000000398,SF|액션|학원물|히어로,0,전체 관람가,본즈,(주)리틀빅픽쳐스,N,
MM1000346150,나이브스 아웃,,Knives Out,20191204,,나이브스 아웃,20200207090000,002,미국,MG0000000003|MG0000000012,스릴러|미스터리,12,12세 관람가,,(주)올스타엔터테인먼트 ,N,
MM1000265922,나이트메어 시네마,,Nightmare Cinema,20190717,,나이트메어 시네마,20190723090000,002,미국,MG0000000001|MG0000000004,드라마|공포(호러),19,19세 관람가,,(주)영화사 빅 ,N,
MM1000265943,난폭한 기록,,Fist & Furious,20190711,,난폭한 기록[캐치온],20200210000000,001,대한민국,MG0000000002|MG0000000005,액션|범죄,19,19세 관람가,"영화사 반딧불 , 서울액션스쿨 ",kth ,N,
MM1000369291,날씨의 아이,,Weathering With You,20191030,,날씨의 아이,20200527000000,003,일본,MG0000000142|MG0000000146|MG0000000147,판타지|순정|드라마,15,15세 관람가,코믹스 웨이브 필름,미디어캐슬,N,
MM1000163157,내가 사는 세상,,Back from the Beat,20190307,356,내가 사는 세상,20190320090000,001,대한민국,MG0000000001|MG0000000014,드라마|가족,12,12세 관람가,"전태일 47주기 대구시민 노동문화제 , 독립영화전용관 오오극장 , 민예총 대구지회 ",㈜인디스토리,N,
MM1000131477,내안의 그놈,,Inside me,20190109,15171,내안의 그놈,20190201090000,001,대한민국,MG0000000006|MG0000000010,판타지|코미디,15,15세 관람가,"에코필름 , 전망좋은영화사 ","TCO(주)더콘텐츠온 , (주)메리크리스마스 ",N,
MM1000324783,너를 만난 여름,,My Best Summer,20191016,403,너를 만난 여름,20191105090000,004,중국,MG0000000001|MG0000000011,드라마|멜로/로맨스,12,12세 관람가,,"오드, (주)홈초이스",N,
MM1000221238,너의 목소리,,Your Voice -KIMIKOE-,20190523,,너의 목소리,20190528090000,003,일본,MG0000000147|MG0000000150,드라마|학원물,0,전체 관람가,매드하우스,(주)영화사 진진,N,
MM1000333615,너의 여자친구,,My Bossy Girl,20191204,786,너의 여자친구,20191210090000,001,대한민국,MG0000000001|MG0000000010|MG0000000011,드라마|코미디|멜로/로맨스,12,12세 관람가,"(주)제이아트필름 , (주)애스토리엔터테인먼트 ","(주)스톰픽쳐스코리아, 와이드 릴리즈(주)",N,
MM1000199742,노무현과 바보들,,,20190418,,노무현과 바보들,20190430090000,001,대한민국,MG0000000001|MG0000000017,드라마|다큐멘터리,12,12세 관람가,(주)바보들 ,"오키넷 , (주)라이크콘텐츠 ",N,
MM1000350156,녹차의 중력,,Gravity of the Tea,20191128,,녹차의 중력,20200227090000,001,대한민국,MG0000000001|MG0000000017,드라마|다큐멘터리,0,전체 관람가,영화사 키노(주) ,키노미디어 ,N,
MM1000220391,논-픽션,,Doubles Vies,20190516,345,논-픽션,20190528090000,007,프랑스,MG0000000001|MG0000000014,드라마|가족,15,15세 관람가,,(주)트리플픽쳐스,N,
MM1000297689,누구나 아는 비밀,,Everybody Knows,20190801,2682,누구나 아는 비밀,20190902090000,007|019|022,프랑스|스페인|이탈리아,MG0000000001|MG0000000014,드라마|가족,15,15세 관람가,,"오드, (주)티캐스트",N,
MM1000340424,눈의 여왕4,,The Snow Queen: Mirrorlands,20191224,,눈의 여왕4,20200110090000,015,러시아,MG0000000142|MG0000000143|MG0000000395,판타지|어드벤처|가족,0,전체 관람가,위저트 애니메이션,(주)넥스트엔터테인먼트월드(NEW),N,
MM1000328551,늑대의 아이들,,Werewolf,20191114,,늑대의 아이들,20191119090000,013|037|038,독일|폴란드|네덜란드,MG0000000001|MG0000000004|MG0000000012,드라마|공포(호러)|미스터리,15,15세 관람가,,노바엔터테인먼트 ,N,
MM1000327709,니나 내나,,Family Affair,20191030,1273,니나 내나,20191119090000,001,대한민국,MG0000000001|MG0000000014,드라마|가족,12,12세 관람가,"(주)명필름, 로랜드스튜디오",(주)리틀빅픽쳐스,N,
MM1000198200,"다시, 봄",,"Spring, Again",20190417,,"다시, 봄(2019)",20190429090000,001,대한민국,MG0000000001|MG0000000006,드라마|판타지,12,12세 관람가,(주)26컴퍼니,(주)스마일이엔티,N,
MM1000239636,닥치고 피아노!,,Shut Up and Play the Piano,20190606,688,닥치고 피아노!,20190619090000,008|013,영국|독일,MG0000000001|MG0000000017,드라마|다큐멘터리,15,15세 관람가,,(주)엣나인필름,N,
MM1000332023,닥터 슬립,,Doctor Sleep,20191107,565,닥터 슬립,20191205090000,002,미국,MG0000000001|MG0000000003,드라마|스릴러,15,15세 관람가,,워너브러더스 코리아(주),N,
MM1000144963,닥터 킬러 패밀리,,No Visitors,20190214,,닥터 킬러 패밀리,20190221090000,002,미국,MG0000000003|MG0000000004,스릴러|공포(호러),19,19세 관람가,,,N,
MM1000313618,당나귀 공주,,Donkey Skin,20190822,,당나귀 공주,20191011090000,007,프랑스,MG0000000001|MG0000000006|MG0000000014|MG0000000018,드라마|판타지|가족|뮤지컬,0,전체 관람가,,에스와이코마드 ,N,
MM1000339232,대통령의 7시간,,President's 7 Hours,20191114,24654,대통령의 7시간,20191231090000,001,대한민국,MG0000000001|MG0000000017,드라마|다큐멘터리,12,12세 관람가,(주)씨네포트,"(주)씨네포트, 주식회사 마운틴픽쳐스",N,
MM1000180060,더 길티,,The Guilty,20190327,22091,더 길티(2019),20190409090000,036,덴마크,MG0000000001|MG0000000003,드라마|스릴러,12,12세 관람가,,(주)팝엔터테인먼트 ,N,
MM1000319282,더 룸,,The Room,20190925,48775,더 룸,20191014090000,007|040|059,프랑스|벨기에|룩셈부르크,MG0000000003|MG0000000012,스릴러|미스터리,15,15세 관람가,,"(주)퍼스트런, (주)팬엔터테인먼트",N,
MM1000282513,더 바이 바이 맨,,THE BYE BYE MAN,20190814,,더 바이 바이 맨,20190814090000,002,미국,MG0000000003|MG0000000004,스릴러|공포(호러),15,15세 관람가,,㈜코리아스크린,N,
MM1000241531,더 보이,,Brightburn,20190523,88081,더 보이(2019),20190620090000,002,미국,MG0000000004|MG0000000015,공포(호러)|SF,15,15세 관람가,,소니픽처스코리아 ,N,
MM1000334683,더 보트,,THE BOAT,20191212,,더 보트,20191212090000,008|064,영국|몰타,MG0000000003|MG0000000012,스릴러|미스터리,15,15세 관람가,,주식회사 풍경소리,N,
MM1000287839,더 비스트,,The Beast,20190805,,더 비스트(2016),20190822090000,002,미국,MG0000000003|MG0000000005,스릴러|범죄,19,19세 관람가,,,N,
MM1000328476,더 빌리지,,Dachra,20191107,292,더 빌리지,20191119090000,112,튀니지,MG0000000001|MG0000000004,드라마|공포(호러),15,15세 관람가,,(주)디오시네마,N,
MM1000129479,더 서치,,The Search,20190117,,더 서치,20190129090000,007,프랑스,MG0000000001|MG0000000009,드라마|전쟁,15,15세 관람가,,(주)영화사오원,N,
MM1000167934,더 와이프,,The Wife,20190227,7728,더 와이프,20190325090000,008|017,영국|스웨덴,MG0000000001|MG0000000014,드라마|가족,15,15세 관람가,,(주)팝엔터테인먼트,N,
MM1000198165,더 캡틴,,The Captain,20190425,,더 캡틴,20190429090000,009|013,캐나다|독일,MG0000000001|MG0000000009,드라마|전쟁,15,15세 관람가,,(주)드림팩트엔터테인먼트,N,
MM1000330252,더 컨덕터,,The Conductor,20191114,203,더 컨덕터,20191127090000,038,네덜란드,MG0000000001|MG0000000014,드라마|가족,15,15세 관람가,,(주)라이크 콘텐츠,N,
MM1000176194,더 페이버릿: 여왕의 여자,,THE FAVOURITE,20190221,70982,더 페이버릿: 여왕의 여자,20190404090000,002,미국,MG0000000001|MG0000000016,드라마|사극,15,15세 관람가,,이십세기폭스코리아(주),N,
MM1000335674,더 하우스,,,20191212,,더 하우스,20191216090000,001,대한민국,MG0000000003|MG0000000004|MG0000000012,스릴러|공포(호러)|미스터리,15,15세 관람가,(주)뉴버드 ,(주)이놀미디어,N,
MM1000265716,던전에서 만남을 추구하면 안 되는 걸까? -오리온의 화살-,,Is It Wrong to Try to Pick Up Girls in a Dungeon? -Arrow of the Orion-,20190418,7526,던전에서 만남을 추구하면 안 되는 걸까? -오리온의 화살-,20190719090000,003,일본,MG0000000142|MG0000000143|MG0000000144|MG0000000148,판타지|어드벤처|액션|코미디,12,12세 관람가,J.C STAFF,(주)애니플러스,N,
MM1000242724,덤보,,Dumbo,20190327,345522,덤보,20190625090000,002,미국,MG0000000006|MG0000000014,판타지|가족,0,전체 관람가,,월트 디즈니 컴퍼니 코리아 ,N,
MM1000293549,데드 돈 다이,,The Dead Don't Die,20190731,4150,데드 돈 다이,20190828090000,002,미국,MG0000000004|MG0000000006|MG0000000010,공포(호러)|판타지|코미디,15,15세 관람가,,유니버설 픽쳐스 ,N,
MM1000118454,데드풀 2: 순한맛,,ONCE UPON A DEADPOOL,20190103,,데드풀 2: 순한 맛,20190118090000,002,미국,MG0000000002|MG0000000010|MG0000000013|MG0000000015,액션|코미디|어드벤처|SF,12,12세 관람가,,이십세기폭스코리아(주),N,
MM1000133246,데들리 스토커,,Capture,20190124,,데들리 스토커,20190207090000,002,미국,MG0000000001|MG0000000004,드라마|공포(호러),15,15세 관람가,,라온아이(주),N,
MM1000170109,데스티네이션 콘트롤,,Frequencies,20190321,,데스티네이션 콘트롤,20190328090000,008|011,영국|호주,MG0000000006|MG0000000011|MG0000000012,판타지|멜로/로맨스|미스터리,15,15세 관람가,,(주)케이알씨지,N,
MM1000313647,도심속의 방,,Une chambre en ville,20190822,,도심속의 방,20191011090000,007,프랑스,MG0000000001|MG0000000018,드라마|뮤지컬,15,15세 관람가,,(주)에스와이코마드,N,
MM1000204215,도우터 오브 마인,,Daughter of mine,20190425,,도우터 오브 마인,20190503090000,013|018|022,독일|스위스|이탈리아,MG0000000001|MG0000000014,드라마|가족,15,15세 관람가,,주식회사 씨네룩스,N,
MM1000150870,도쿄의 밤하늘은 항상 가장 짙은 블루,,The Tokyo Night Sky Is Always the Densest Shade of Blue,20190214,346,도쿄의 밤하늘은 항상 가장 짙은 블루,20190305090000,003,일본,MG0000000001|MG0000000011,드라마|멜로/로맨스,15,15세 관람가,,(주)디오시네마 ,N,
MM1000191797,돈,,Money,20190320,2669647,돈,20190422090000,001,대한민국,MG0000000001|MG0000000005,드라마|범죄,15,15세 관람가,"(주)사나이픽처스 , (주)영화사 월광 ",(주)쇼박스 ,N,
MM1000103011,돈 겟 아웃!,,Don't Get Out!,20190110,,돈 겟 아웃!,20181227090000,013,독일,MG0000000001|MG0000000003,드라마|스릴러,15,15세 관람가,,,N,
MM1000278740,돈 워리,,"Don't Worry, He Won't Get Far on Foot",20190725,,돈 워리,20190808090000,002,미국,MG0000000001|MG0000000011|MG0000000014,드라마|멜로/로맨스|가족,15,15세 관람가,,"그린나래미디어(주), (주)다날엔터테인먼트",N,
MM1000227591,돈키호테를 죽인 사나이,,The Man Who Killed Don Quixote,20190523,339,돈키호테를 죽인 사나이,20190604090000,007|008|019|027,프랑스|영국|스페인|포르투갈,MG0000000001|MG0000000013,드라마|어드벤처,12,12세 관람가,,(주)디스테이션 ,N,
MM1000322137,동명이인 프로젝트 시즌2,,TWO PERSON AT THE SAME TOWN SE2,20190704,130,동명이인 프로젝트 시즌2,20191024090000,001,대한민국,MG0000000001|MG0000000014,드라마|가족,12,12세 관람가,올드웨일,올드웨일,N,
MM1000316080,"동물, 원",,"Garden, Zoological",20190905,787,"동물, 원",20191001090000,001,대한민국,MG0000000001|MG0000000017,드라마|다큐멘터리,0,전체 관람가,케프-ㄹ러49,(주)시네마달,N,
MM1000127725,"두 번째 여름, 두 번 다시 만날 수 없는 너",,"Second Summer, Never See You Again",20190123,,"두 번째 여름, 두 번 다시 만날 수 없는 너",20190128090000,003,일본,MG0000000001|MG0000000011,드라마|멜로/로맨스,0,전체 관람가,,"(주)브리즈픽처스, (주)영화사오원",N,
MM1000324694,두번할까요,,"LOVE, AGAIN",20191017,1082,두번할까요[캐치온],20200103000000,001,대한민국,MG0000000010|MG0000000011,코미디|멜로/로맨스,15,15세 관람가,(주)영화사울림,(주)리틀빅픽쳐스,N,
MM1000166408,드래곤 길들이기 3,,How to Train Your Dragon: The Hidden World,20190130,1464741,드래곤 길들이기 3,20190327000000,002,미국,MG0000000008|MG0000000013,애니메이션|어드벤처,0,전체 관람가,,유니버설픽쳐스인터내셔널코리아 ,N,
MM1000336070,드래곤 빌리지,,Family of Mischief,20191212,,드래곤 빌리지[우리말],20191216090000,111,터키,MG0000000142|MG0000000143|MG0000000148,판타지|어드벤처|코미디,0,전체 관람가,,와이드 릴리즈(주),N,
MM1000143771,드래곤볼 슈퍼: 브로리,,Dragon Ball Super: Broly,20190214,,드래곤볼 슈퍼 브로리,20190218000000,003,일본,MG0000000142|MG0000000143|MG0000000144,판타지|어드벤처|액션,0,전체 관람가,토에이 애니메이션 ,(주)이수C&E,N,
MM1000326282,드레드아웃,,DreadOut,20191112,,드레드아웃,20191112090000,099,인도네시아,MG0000000003|MG0000000004|MG0000000013,스릴러|공포(호러)|어드벤처,15,15세 관람가,,(주)엔케이컨텐츠,N,
MM1000120747,디 엔드?,,The End?,20190117,,디 엔드?,20190117090000,022,이탈리아,MG0000000003|MG0000000004,스릴러|공포(호러),19,19세 관람가,,(주)스토리제이 ,N,
MM1000115034,디스 크레이지 하트,,This Crazy Heart,20190110,,디스 크레이지 하트,20190110090000,013,독일,MG0000000001|MG0000000010,드라마|코미디,12,12세 관람가,,예지림엔터테인먼트,N,
MM1000316089,디스트로이어,,Destroyer,20190919,,디스트로이어,20191001090000,002,미국,MG0000000003|MG0000000005,스릴러|범죄,15,15세 관람가,,(주)라이크 콘텐츠,N,
MM1000337163,디아스포라의 노래: 아리랑로드,,,20191212,,디아스포라의 노래: 아리랑로드,20191219090000,001,대한민국,MG0000000001|MG0000000017,드라마|다큐멘터리,0,전체 관람가,KBS미디어 케이씨워크 ,(주)드림팩트엔터테인먼트,N,
MM1000320186,디어 마이 프렌드,,Then Came You,20191009,960,디어 마이 프렌드,20191016090000,002,미국,MG0000000001|MG0000000014,드라마|가족,12,12세 관람가,,(주)팝엔터테인먼트,N,
MM1000337985,디에고,,Diego Maradona,20191212,,디에고,20191226090000,008,영국,MG0000000001|MG0000000017,드라마|다큐멘터리,12,12세 관람가,,워터홀컴퍼니(주),N,
MM1000323761,디터 람스,,Rams,20190822,5859,디터 람스,20191031090000,002,미국,MG0000000001|MG0000000017,드라마|다큐멘터리,0,전체 관람가,,하준사,N,
MM1000194144,똑딱똑딱 마법의 시계나라,,The Angel in the Clock,20190417,,똑딱똑딱 마법의 시계나라,20190424090000,016,멕시코,MG0000000006|MG0000000008,판타지|애니메이션,0,전체 관람가,,와이드 릴리즈(주) ,N,
MM1000337007,라 파미에,,Lola and Her Brothers,20191212,,라 파미에,20191223090000,007,프랑스,MG0000000001|MG0000000010,드라마|코미디,12,12세 관람가,,(주)에스와이코마드,N,
MM1000179986,라스트 미션,,The Mule,20190314,99299,라스트 미션(2019),20190411090000,002,미국,MG0000000001|MG0000000014,드라마|가족,15,15세 관람가,,워너브러더스 코리아(주),N,
MM1000337192,라스트 씬,,Last Scene,20191212,,라스트 씬(2019),20191224090000,001,대한민국,MG0000000001|MG0000000017,드라마|다큐멘터리,0,전체 관람가,"오지필름 , 국도예술관 ",(주)시네마달,N,
MM1000337879,라스트 크리스마스,,Last Christmas,20191205,1003,라스트 크리스마스,20200102080000,002,미국,MG0000000010|MG0000000011,코미디|멜로/로맨스,12,12세 관람가,,유니버설 픽쳐스 ,N,
MM1000245384,라이딩 업힐,,Riding Uphill,20190628,,라이딩 업힐,20190627090000,003,일본,MG0000000001|MG0000000013,드라마|어드벤처,12,12세 관람가,,(주)드림팩트엔터테인먼트 ,N,
MM1000317051,라이온 킹,라이온 킹(2019),The Lion King,20190717,4743662,라이온 킹(2019),20191002160000,002,미국,MG0000000001|MG0000000013|MG0000000014,드라마|어드벤처|가족,0,전체 관람가,,월트디즈니컴퍼니코리아 유한책임회사,N,
MM1000213272,라플라스의 마녀,,Laplace's Witch,20190509,,라플라스의 마녀,20190515090000,003,일본,MG0000000003|MG0000000012,스릴러|미스터리,12,12세 관람가,,(주)영화사 빅 ,N,
MM1000328768,람보: 라스트 워,,Rambo: Last Blood,20191023,89621,람보: 라스트 워,20191202090000,002,미국,MG0000000001|MG0000000002,드라마|액션,19,19세 관람가,,(주)제이앤씨미디어그룹 ,N,
MM1000156905,래미의 초특급 시간여행,,pleasant goat and big big wolf amazing pleasant goat,20190227,,래미의 초특급 시간여행[우리말],20190307090000,004,중국,MG0000000121|MG0000000128|MG0000000133,키즈무비|어드벤처|히어로,0,전체 관람가,,와이드 릴리즈(주),N,
MM1000336051,러브 앳,,Love at Second Sight,20191127,41702,러브 앳,20191217090000,007|040,프랑스|벨기에,MG0000000010|MG0000000011,코미디|멜로/로맨스,12,12세 관람가,,(주)크리픽쳐스,N,
MM1000297968,러브라이브! 선샤인!! 더 스쿨 아이돌 무비 오버 더 레인보우,,Love Live! Sunshine!! The School Idol Movie: Over the Rainbow,20190214,26931,러브라이브! 선샤인!! 더 스쿨 아이돌 무비 오버 더 레인보우,20190903090000,003,일본,MG0000000147|MG0000000150|MG0000000397,드라마|학원물|아이돌,0,전체 관람가,선라이즈,(주)애니플러스,N,
MM1000202388,러브리스,,Loveless,20190418,214,러브리스,20190502000000,007|013|015,프랑스|독일|러시아,MG0000000001|MG0000000014,드라마|가족,15,15세 관람가,,그린나래미디어(주),N,
MM1000155464,레고 무비 2,,The Lego Movie 2: The Second Part,20190206,287,레고 무비 2,20190306090000,002|009|011|036|053,미국|캐나다|호주|덴마크|노르웨이,MG0000000002|MG0000000008|MG0000000010|MG0000000013|MG0000000014,액션|애니메이션|코미디|어드벤처|가족,0,전체 관람가,,워너브러더스 코리아(주),N,
MM1000324156,레드 사이렌,,The Red Siren,20191101,,레드 사이렌,20191101090000,007,프랑스,MG0000000002|MG0000000003|MG0000000005,액션|스릴러|범죄,19,19세 관람가,,(유)헤이데이웍스,N,
MM1000280701,레드슈즈,,Red Shoes,20190725,182,레드슈즈,20190821000000,001,대한민국,MG0000000142|MG0000000143|MG0000000144|MG0000000146|MG0000000148,판타지|어드벤처|액션|순정|코미디,0,전체 관람가,(주)싸이더스,(주)넥스트엔터테인먼트월드(NEW),N,
MM1000115408,레인보우: 나의 사랑,,Una questione privata,20190103,252,레인보우: 나의 사랑,20190110090000,007|022,프랑스|이탈리아,MG0000000001|MG0000000011,드라마|멜로/로맨스,12,12세 관람가,,(주)마노엔터테인먼트,N,
MM1000128263,레토,,Summer,20190103,2107,레토,20190130090000,007|015,프랑스|러시아,MG0000000001|MG0000000011,드라마|멜로/로맨스,15,15세 관람가,,"(주)엣나인필름, 플레이리스트(주)",N,
MM1000316092,레플리카,,Replicas,20190925,,레플리카,20191004090000,002|008,미국|영국,MG0000000003|MG0000000005|MG0000000012|MG0000000015,스릴러|범죄|미스터리|SF,15,15세 관람가,,(주)제이앤씨미디어그룹 ,N,
MM1000196039,로망,,Romang,20190403,6372,로망,20190425090000,001,대한민국,MG0000000001|MG0000000011,드라마|멜로/로맨스,0,전체 관람가,"메이스엔터테인먼트 , (주)제이지 픽쳐스 , (주)MBC충북 ",(주)메리크리스마스 ,N,
MM1000335520,로빈: 살인자의 유혹,,Robin,20191216,,로빈: 살인자의 유혹[캐치온],20200608000000,036,덴마크,MG0000000003|MG0000000012,스릴러|미스터리,19,19세 관람가,,,N,
MM1000313629,로슈포르의 숙녀들,,The Young Girls of Rochefort,20190822,,로슈포르의 숙녀들,20191011090000,007,프랑스,MG0000000001|MG0000000010|MG0000000018,드라마|코미디|뮤지컬,12,12세 관람가,,에스와이코마드 ,N,
MM1000222551,로제타,,Rosetta,20190523,,로제타,20190530090000,007|040,프랑스|벨기에,MG0000000001|MG0000000014,드라마|가족,15,15세 관람가,,아이 엠(eye m) ,N,
MM1000216424,로지,,Rosie,20190516,,로지,20190521090000,021,아일랜드,MG0000000001|MG0000000014,드라마|가족,12,12세 관람가,,BoXoo 엔터테인먼트 ,N,
MM1000243830,로켓맨,,Rocketman,20190605,401,로켓맨,20190703090000,002|008,미국|영국,MG0000000001|MG0000000006,드라마|판타지,15,15세 관람가,,롯데엔터테인먼트 ,N,
MM1000313635,롤라,,Lola,20190822,,롤라,20191011090000,007|022,프랑스|이탈리아,MG0000000011|MG0000000018,멜로/로맨스|뮤지컬,12,12세 관람가,,에스와이코마드 ,N,
MM1000256138,롱 리브 더 킹: 목포 영웅,,Long Live the King,20190619,1024457,롱 리브 더 킹: 목포 영웅,20190710090000,001,대한민국,MG0000000001|MG0000000002,드라마|액션,15,15세 관람가,"(주)영화사필름몬스터 , (주)비에이엔터테인먼트 ","메가박스중앙(주)플러스엠, (주)콘텐츠 난다긴다",N,
MM1000278899,롱 샷,,LONG SHOT,20190724,6326,롱 샷,20190809090000,002,미국,MG0000000001|MG0000000010,드라마|코미디,15,15세 관람가,,"TCO(주)더콘텐츠온 , (주)제이앤씨미디어그룹 ",N,
MM1000183639,루스 베이더 긴즈버그: 나는 반대한다,,RBG,20190328,3860,루스 베이더 긴즈버그: 나는 반대한다,20190416090000,002,미국,MG0000000001|MG0000000017,드라마|다큐멘터리,0,전체 관람가,,영화사 진진 ,N,
MM1000356606,룩 어웨이,[캐치온],Look Away,20190821,,룩 어웨이[캐치온],20200323000000,002,미국,MG0000000003|MG0000000004,스릴러|공포(호러),19,19세 관람가,,(주)드림팩트엔터테인먼트 ,N,
MM1000299928,룩 어웨이,,Look Away,20190821,126,룩 어웨이,20190905090000,002,미국,MG0000000003|MG0000000004,스릴러|공포(호러),15,15세 관람가,,(주)드림팩트엔터테인먼트,N,
MM1000163652,리노,,Lino - Adventure of Seven Lives,20190307,186,리노,20190318090000,012,브라질,MG0000000008|MG0000000013|MG0000000014,애니메이션|어드벤처|가족,0,전체 관람가,폭스 인터내셔널 프러덕션 ,(주)스톰픽쳐스코리아 ,N,
MM1000319644,리메모리-기억추출,,Rememory,20191017,,리메모리: 기억추출,20191017090000,002|009,미국|캐나다,MG0000000001|MG0000000012|MG0000000015,드라마|미스터리|SF,15,15세 관람가,,(주)도키엔터테인먼트,N,
MM1000123495,리지,,LIzzie,20190110,85,리지,20190123090000,002,미국,MG0000000001|MG0000000003|MG0000000005|MG0000000012,드라마|스릴러|범죄|미스터리,19,19세 관람가,,(주)팝엔터테인먼트,N,
MM1000254416,마담 싸이코,,Greta,20190626,,마담 싸이코,20190708090000,002,미국,MG0000000003|MG0000000004,스릴러|공포(호러),15,15세 관람가,,(주)쇼박스,N,
MM1000265996,마리아 칼라스: 세기의 디바,,Maria by Callas: In Her Own Words,20190711,,마리아 칼라스: 세기의 디바,20190730090000,007,프랑스,MG0000000001|MG0000000017,드라마|다큐멘터리,0,전체 관람가,,(주)영화사 진진,N,
MM1000328823,마법안개의 비밀: 황금 보물선을 찾아라,,Captain Morten and the Spider Queen,20191114,371,마법안개의 비밀:황금 보물선을 찾아라,20191119090000,008|021|040|089,영국|아일랜드|벨기에|에스토니아,MG0000000142|MG0000000143|MG0000000395,판타지|어드벤처|가족,0,전체 관람가,,와이드 릴리즈(주),N,
MM1000317637,마왕의 딸 이리샤,,"Ireesha, The Daughter of Elf-king",20190926,11698,마왕의 딸 이리샤,20191010090000,001,대한민국,MG0000000142|MG0000000143,판타지|어드벤처,0,전체 관람가,"한국영화아카데미, (주)지금이 아니면 안돼","(주)싸이더스, (주)삼백상회",N,
MM1000289681,마이펫의 이중생활 2,,The Secret Life of Pets 2,20190731,181466,마이펫의 이중생활 2,20190828000000,002,미국,MG0000000008|MG0000000010|MG0000000013,애니메이션|코미디|어드벤처,0,전체 관람가,일루미네이션 엔터테인먼트 ,유니버설 픽쳐스 ,N,
MM1000142621,마지막 8월 어느 기념비의 이야기,,Agosto Final,20190221,,마지막 8월 어느 기념비의 이야기,20190221090000,020,아르헨티나,MG0000000001|MG0000000017,드라마|다큐멘터리,0,전체 관람가,,라온아이(주),N,
MM1000189092,막다른 골목의 추억,,Memories of a Dead End,20190404,774,막다른 골목의 추억,20190416090000,001|003,대한민국|일본,MG0000000001|MG0000000011,드라마|멜로/로맨스,12,12세 관람가,"(주)영화사조아, 시네마스코레",(주)트리플픽쳐스,N,
MM1000338593,말레피센트 2,,Maleficent: Mistress of Evil,20191017,1444878,말레피센트 2,20191231090000,002,미국,MG0000000006|MG0000000013|MG0000000014,판타지|어드벤처|가족,12,12세 관람가,,월트디즈니컴퍼니코리아 유한책임회사,N,
MM1000136415,말모이,,MAL·MO·E: The Secret Mission,20190109,2738121,말모이,20190212090000,001,대한민국,MG0000000001|MG0000000014|MG0000000392,드라마|가족|시대극(근현대),12,12세 관람가,더 램프 ,롯데엔터테인먼트 ,N,
MM1000273334,매니페스토,,Manifesto,20190725,684,매니페스토,20190801090000,013,독일,MG0000000001|MG0000000014,드라마|가족,15,15세 관람가,,찬란,N,
MM1000336684,매리,,Mary,20191211,,매리[캐치온],20200617000000,002,미국,MG0000000003|MG0000000004,스릴러|공포(호러),15,15세 관람가,,영화특별시 SMC ,N,
MM1000208703,매트리악,,MATRIARCH,20190509,,매트리악,20190509090000,008,영국,MG0000000003|MG0000000004,스릴러|공포(호러),15,15세 관람가,,(주)풍경소리 ,N,
MM1000255524,맨 인 블랙: 인터내셔널,,Men in Black: International,20190612,843649,맨 인 블랙: 인터내셔널,20190711000000,002,미국,MG0000000002|MG0000000006|MG0000000010|MG0000000013|MG0000000015,액션|판타지|코미디|어드벤처|SF,12,12세 관람가,,롯데엔터테인먼트 ,N,
MM1000251079,머메이드: 죽음의 호수,,THE MERMAID : LAKE OF THE DEAD,20190704,,머메이드: 죽음의 호수,20190704090000,015,러시아,MG0000000001|MG0000000004,드라마|공포(호러),15,15세 관람가,,(주)엔케이컨텐츠,N,
MM1000324144,메기,,Maggie,20190926,14969,메기,20191101090000,001,대한민국,MG0000000001|MG0000000010|MG0000000012,드라마|코미디|미스터리,15,15세 관람가,"국가인권위원회, 2X9HD","(주)엣나인필름, CGV아트하우스",N,
MM1000232958,메기의 추억,,,20190508,369,메기의 추억,20190613090000,001,대한민국,MG0000000001|MG0000000014,드라마|가족,12,12세 관람가,"스마일픽처스 , 시네마테크 충무로 ",,N,
MM1000156850,메리 포핀스 리턴즈,,Mary Poppins Returns,20190214,,메리 포핀스 리턴즈,20190312090000,002,미국,MG0000000006|MG0000000018,판타지|뮤지컬,0,전체 관람가,,월트디즈니컴퍼니코리아 유한책임회사,N,
MM1000158332,"메리, 퀸 오브 스코틀랜드",,Mary Queen of Scots,20190214,,"메리, 퀸 오브 스코틀랜드",20190314090000,008,영국,MG0000000001|MG0000000392,드라마|시대극(근현대),15,15세 관람가,,,N,
MM1000287763,메시지 맨,,Message Man,20190819,,메시지 맨,20190821090000,008|011|083|099,영국|호주|아랍에미리트|인도네시아,MG0000000002|MG0000000003|MG0000000005,액션|스릴러|범죄,19,19세 관람가,,㈜코리아스크린,N,
MM1000131580,메이트,,Mate,20190117,10,메이트,20190131090000,001,대한민국,MG0000000001|MG0000000011,드라마|멜로/로맨스,15,15세 관람가,한국영화아카데미(KAFA FILMS) ,(주)콘텐츠 난다긴다 ,N,
MM1000278581,명탐정 코난: 감청의 권,,Detective Conan: The Fist of Blue Sapphire,20190724,,명탐정 코난: 감청의 권,20190808090000,003,일본,MG0000000144|MG0000000155,액션|추리/탐정,12,12세 관람가,TMS 엔터테인먼트,씨제이이앤엠(주),N,
MM1000152870,명탐정 코난: 전율의 악보,,Detective Conan: Full Score of Fear,20190214,,명탐정코난 : 전율의 악보,20190304000000,003,일본,MG0000000144|MG0000000155,액션|추리/탐정,12,12세 관람가,도쿄무비,씨제이이앤엠(주),N,
MM1000227592,명탐정 피카츄,,Pokemon Detective Pikachu,20190509,,명탐정 피카츄,20190605090000,002|003,미국|일본,MG0000000002|MG0000000010|MG0000000013,액션|코미디|어드벤처,0,전체 관람가,,워너 브러더스 코리아(주) ,N,
MM1000151232,모험왕 블링키,,Blinky Bill The Movie,20190220,,모험왕 블링키,20190227000000,011,호주,MG0000000143|MG0000000395,어드벤처|가족,0,전체 관람가,Assemblage Entertainment ,(주)라이크 콘텐츠,N,
MM1000226188,몬스터 랜드,,Zombillenium,20190516,,몬스터 랜드,20190528090000,007,프랑스,MG0000000142|MG0000000143|MG0000000148,판타지|어드벤처|코미디,0,전체 관람가,Maybe Movies,와이드 릴리즈(주),N,
MM1000316887,몬스터 하우스,,GNOME ALONE,20191003,,몬스터 하우스,20191011090000,009,캐나다,MG0000000142|MG0000000143|MG0000000395,판타지|어드벤처|가족,0,전체 관람가,,(주)박수엔터테인먼트,N,
MM1000132470,몬스터파크,,Here Comes the Grump,20190123,,몬스터 파크[한글자막][캐치온],20190723090000,008|016,영국|멕시코,MG0000000006|MG0000000008|MG0000000010|MG0000000013|MG0000000014,판타지|애니메이션|코미디|어드벤처|가족,0,전체 관람가,,(주)박수엔터테인먼트,N,
MM1000163168,몽 가르송,,My Son,20190319,,몽 가르송,20190319090000,007,프랑스,MG0000000001|MG0000000003,드라마|스릴러,15,15세 관람가,,세컨드웨이브 ,N,
MM1000271182,무간도 외전,,Operation Undercover 2: Poisonous Dragon,20190725,,무간도 외전,20190726090000,004,중국,MG0000000002|MG0000000005,액션|범죄,15,15세 관람가,,(주)빅웨이브시네마 ,N,
MM1000166215,무법자 난공불락 대열차,,Jesse James vs. The Black Train,20190314,,무법자 난공불락 대열차,20190321090000,002,미국,MG0000000001|MG0000000007,드라마|서부극(웨스턴),15,15세 관람가,,주식회사 루믹스미디어,N,
MM1000233024,물의 기억,,The Memory Of Water,20190515,19227,물의 기억,20190611090000,001,대한민국,MG0000000001|MG0000000017,드라마|다큐멘터리,0,전체 관람가,(주)KNN,롯데엔터테인먼트 ,N,
MM1000160208,미결처리반 Q 4: 순수의 배신,,The Purity of Vengeance,20190314,,미결처리반 Q 4: 순수의 배신,20190314090000,036,덴마크,MG0000000003|MG0000000005|MG0000000012,스릴러|범죄|미스터리,15,15세 관람가,,(주)콘텐츠판다,N,
MM1000320225,미드 90,,Mid90s,20190925,12386,미드 90,20191022090000,002,미국,MG0000000001|MG0000000010,드라마|코미디,19,19세 관람가,,"오드 AUD , 씨나몬(주)홈초이스 ",N,
MM1000322821,미드소마,[감독판],Midsommar Director’s Cut,20191003,180,미드소마[감독판],20191028090000,002,미국,MG0000000001|MG0000000004,드라마|공포(호러),19,19세 관람가,,(주)팝엔터테인먼트,N,
MM1000308627,미드소마,,Midsommar,20190711,85070,미드소마,20190919090000,002|017,미국|스웨덴,MG0000000004|MG0000000012,공포(호러)|미스터리,19,19세 관람가,,(주)팝엔터테인먼트,N,
MM1000343217,미드웨이,,Midway,20191231,,미드웨이(2019),20200120090000,002,미국,MG0000000001|MG0000000002,드라마|액션,15,15세 관람가,,(주)누리픽쳐스 ,N,
MM1000128246,미래의 미라이,,MIRAI,20190116,1571,미래의 미라이,20190131000000,003,일본,MG0000000142|MG0000000143|MG0000000395,판타지|어드벤처|가족,0,전체 관람가,카도카와/덴츠/니혼TV/도호,메가박스중앙(주)플러스엠,N,
MM1000204996,미성년,,Another Child,20190411,,미성년,20190507090000,001,대한민국,MG0000000001|MG0000000014,드라마|가족,15,15세 관람가,(주)영화사 레드피터 ,(주)쇼박스 ,N,
MM1000109497,미션 이스탄불 5: 더 파이널,,Fegefeuer,20190103,,미션 이스탄불 5: 더 파이널,20190103090000,013,독일,MG0000000002|MG0000000005,액션|범죄,15,15세 관람가,,(주)시네마리퍼블릭,N,
MM1000220335,미스 스티븐스,,Miss Stevens,20190502,1185,미스 스티븐스,20190528090000,002,미국,MG0000000001|MG0000000014,드라마|가족,12,12세 관람가,,(주)티캐스트,N,
MM1000341957,"미안해요, 리키",,SORRY WE MISSED YOU,20191219,25649,"미안해요, 리키",20200116090000,007|008|040,프랑스|영국|벨기에,MG0000000001|MG0000000014,드라마|가족,12,12세 관람가,,(주)영화사 진진,N,
MM1000194198,미이라: 악령의 부활,,Mummy Reborn,20190417,,미이라: 악령의 부활,20190425090000,002,미국,MG0000000001|MG0000000004,드라마|공포(호러),15,15세 관람가,,,N,
MM1000205038,바이스,,VICE,20190411,1558,바이스,20190507090000,002|008|019,미국|영국|스페인,MG0000000001|MG0000000387|MG0000000392,드라마|정치/법정|시대극(근현대),15,15세 관람가,,콘텐츠판다 ,N,
MM1000265972,발광하는 현대사,,,20190718,,발광하는 현대사[캐치온],20200217000000,001,대한민국,MG0000000001|MG0000000014,드라마|가족,19,19세 관람가,영화사 반딧불 ,케이티하이텔(주),N,
MM1000315165,발명왕 볼트,,Brave Rabbit3 the Crazy Time Machine,20190919,,발명왕 볼트,20190925000000,004,중국,MG0000000141|MG0000000143|MG0000000667,SF|어드벤처|키즈드라마,0,전체 관람가,,(주)박수엔터테인먼트,N,
MM1000308750,밤의 문이 열린다,,Ghost Walk,20190815,2121,밤의 문이 열린다,20190917090000,001,대한민국,MG0000000001|MG0000000006|MG0000000012|MG0000000014,드라마|판타지|미스터리|가족,12,12세 관람가,영화사 리듬앤블루스,"무브먼트 , 영화배급협동조합 씨네소파 ",N,
MM1000227536,배심원들,,Juror 8,20190515,466,배심원들,20190604090000,001,대한민국,MG0000000001|MG0000000387,드라마|정치/법정,12,12세 관람가,반짝반짝영화사 ,CGV아트하우스,N,
MM1000350175,백두번째 구름,,"Cloud, Encore",20191226,,백두번째 구름,20200227090000,001,대한민국,MG0000000001|MG0000000017,드라마|다큐멘터리,12,12세 관람가,영화사 키노(주) ,,N,
MM1000343211,백두산,,ASHFALL,20191219,,백두산,20200122000000,001,대한민국,MG0000000001|MG0000000002,드라마|액션,12,12세 관람가,"덱스터픽쳐스 , 퍼펙트스톰필름 , CJ 엔터테인먼트 ","CJ 엔터테인먼트 , 덱스터스튜디오 ",N,
MM1000327469,버스데이 원더랜드,,THE WONDER,20191024,374,버스데이 원더랜드,20191114090000,003,일본,MG0000000142|MG0000000143,판타지|어드벤처,0,전체 관람가,,(주)애니플러스,N,
MM1000322684,버티고,,Vertigo,20191016,786,버티고,20191028090000,001,대한민국,MG0000000001|MG0000000011,드라마|멜로/로맨스,15,15세 관람가,영화사 도로시(주),(주)트리플픽쳐스,N,
MM1000326276,벌새,,House of Hummingbird,20190829,133425,벌새,20191111090000,001,대한민국,MG0000000001|MG0000000014,드라마|가족,15,15세 관람가,에피파니(주),"(주)엣나인필름, (주)콘텐츠판다",N,
MM1000131554,베스와 베라,,Incident in a Ghost Land,20190124,,베스와 베라,20190201090000,007|009,프랑스|캐나다,MG0000000001|MG0000000004,드라마|공포(호러),15,15세 관람가,,(주)팝엔터테인먼트,N,
MM1000198252,베카신!,,Becassine !,20190425,,베카신!,20190502090000,007,프랑스,MG0000000010|MG0000000013|MG0000000014,코미디|어드벤처|가족,0,전체 관람가,,마노엔터테인먼트 ,N,
MM1000220337,벤 이즈 백,,Ben is Back,20190509,866,벤 이즈 백,20190527090000,002,미국,MG0000000001|MG0000000014,드라마|가족,15,15세 관람가,,(주)팝엔터테인먼트 ,N,
MM1000257929,벤트: 마약의 도시,,Bent,20190712,,벤트: 마약의 도시[캐치온],20191010090000,002|019,미국|스페인,MG0000000002|MG0000000005,액션|범죄,15,15세 관람가,AMBI Group,노바엔터테인먼트 ,N,
MM1000309042,변신,,Metamorphosis,20190821,1371335,변신(2019),20190917090000,001,대한민국,MG0000000003|MG0000000004,스릴러|공포(호러),15,15세 관람가,(주)다나크리에이티브,(주)에이스메이커무비웍스,N,
MM1000258235,별의 정원,,Astro Gardener,20190704,1199,별의 정원,20190711090000,001,대한민국,MG0000000142|MG0000000143|MG0000000395,판타지|어드벤처|가족,0,전체 관람가,(주)아슈비아만화영화푸로덕션,예지림엔터테인먼트,N,
MM1000251110,보희와 녹양,,A Boy and Sungreen,20190529,1317,보희와 녹양,20190703090000,001,대한민국,MG0000000001|MG0000000014,드라마|가족,12,12세 관람가,한국영화아카데미(KAFA FILMS) ,KT&G 상상마당 ,N,
MM1000200852,봄은 온다,,Life goes on,20190314,529,봄은 온다,20190502090000,003,일본,MG0000000001|MG0000000017,드라마|다큐멘터리,0,전체 관람가,,CGV아트하우스,N,
MM1000299744,봉오동 전투,,The Battle: Roar to Victory,20190807,8037,봉오동 전투,20190904090000,001,대한민국,MG0000000001|MG0000000002|MG0000000016,드라마|액션|사극,15,15세 관람가,"(주)빅스톤픽쳐스 , (주) 더블유픽처스 ",(주)쇼박스 ,N,
MM1000321379,북간도의 십자가,,,20191017,,북간도의 십자가,20191024090000,001,대한민국,MG0000000001|MG0000000017,드라마|다큐멘터리,0,전체 관람가,CBS ,CBS ,N,
MM1000255498,북클럽,,Book Club,20190620,15333,북클럽,20190709090000,002,미국,MG0000000001|MG0000000010,드라마|코미디,15,15세 관람가,,(주)영화사 진진,N,
MM1000331098,분노는 말이 없다,,Wrath of Silence,20191128,,분노는 말이 없다,20191128090000,004,중국,MG0000000002|MG0000000005,액션|범죄,15,15세 관람가,,,N,
MM1000308472,분노의 질주: 홉스&쇼,,Fast & Furious Presents: Hobbs & Shaw,20190814,3337429,분노의 질주: 홉스&쇼,20190918000000,002,미국,MG0000000001|MG0000000002,드라마|액션,12,12세 관람가,,유니버설 픽쳐스 ,N,
MM1000322115,불빛 아래서,,Life is a Dream We'll Wake Up & Scream,20190829,827,불빛 아래서,20191024090000,001,대한민국,MG0000000001,드라마,12,12세 관람가,창작집단 '너와',모두를 위한 극장 공정영화협동조합,N,
MM1000316522,뷰티풀 보이,,Beautiful Boy,20190919,526,뷰티풀 보이,20191002090000,002,미국,MG0000000001|MG0000000014,드라마|가족,15,15세 관람가,,(주)이수C&E,N,
MM1000221204,뷰티풀 보이스,,Beautiful Voice,20190522,113,뷰티풀 보이스,20190529090000,001,대한민국,MG0000000001|MG0000000010,드라마|코미디,0,전체 관람가,(주)그래그거 ,"(주)스톰픽쳐스코리아 , 와이드 릴리즈(주) ",N,
MM1000205076,뷰티플 마인드,,Listen to Your Heart. The Beautiful Mind,20190418,,뷰티플 마인드,20190508090000,001,대한민국,MG0000000001|MG0000000017,드라마|다큐멘터리,0,전체 관람가,(주)엠엔에프씨,롯데컬처웍스(주)롯데엔터테인먼트,N,
MM1000181756,브라더 오브 더 이어,,Brother of the Year,20190307,4161,브라더 오브 더 이어[캐치온],20190923090000,025,태국,MG0000000001|MG0000000010|MG0000000011,드라마|코미디|멜로/로맨스,12,12세 관람가,,(주)영화사 오원 ,N,
MM1000351758,블라인드 멜로디,,Shoot the Piano Player,20190828,,블라인드 멜로디[캐치온],20200313000000,010,인도,MG0000000001|MG0000000003,드라마|스릴러,15,15세 관람가,,찬란 ,N,
MM1000237953,블랙 47,,Black 47,20190613,,블랙 47,20190618090000,021,아일랜드,MG0000000001|MG0000000009,드라마|전쟁,15,15세 관람가,,(주)라이크 콘텐츠,N,
MM1000335054,블랙 머니,,BLACK MONEY,20191113,2178626,블랙 머니,20191218000000,001,대한민국,MG0000000001|MG0000000005,드라마|범죄,12,12세 관람가,"질라라비 , 아우라픽처스 ",에이스메이커무비웍스 ,N,
MM1000150275,블레이드 소울,,Deliler,20190228,,블레이드 소울,20190228090000,111,터키,MG0000000002|MG0000000009,액션|전쟁,15,15세 관람가,,BX픽쳐스 ,N,
MM1000336348,블루 마이 마인드,,Blue My Mind,20191219,,블루 마이 마인드,20191219090000,018,스위스,MG0000000001|MG0000000011,드라마|멜로/로맨스,19,19세 관람가,,(주)아이아스플러스 ,N,
MM1000287856,블루스 인 인디아,,Blues In India,20190821,,블루스 인 인디아,20190822090000,002,미국,MG0000000010|MG0000000011|MG0000000018,코미디|멜로/로맨스|뮤지컬,0,전체 관람가,,(주)티앤엘엔터테인먼트,N,
MM1000314528,비뚤어진 집,,Crooked House,20190919,,비뚤어진 집,20190926090000,008,영국,MG0000000001|MG0000000005|MG0000000012,드라마|범죄|미스터리,15,15세 관람가,,(주)팝엔터테인먼트 ,N,
MM1000245907,비블리아 고서당 사건수첩,,The Antique: Secret of The Old Books,20190620,,비블리아 고서당 사건수첩,20190625090000,003,일본,MG0000000001|MG0000000012,드라마|미스터리,12,12세 관람가,,(주)영화사오원,N,
MM1000259938,비스트,,The Beast,20190626,177340,비스트(2019),20190716090000,001,대한민국,MG0000000003|MG0000000005,스릴러|범죄,15,15세 관람가,(주)스튜디오앤뉴 ,(주)NEW ,N,
MM1000218622,비질란테,,A Vigilante,20190523,,비질란테,20190523090000,002,미국,MG0000000001|MG0000000003,드라마|스릴러,15,15세 관람가,,,N,
MM1000326318,빅 2: 황금열쇠 대소동,,Norm of the North: Keys to the Kingdom,20191030,1565,빅 2 : 황금열쇠 대소동,20191111090000,010,인도,MG0000000143|MG0000000148|MG0000000395,어드벤처|코미디|가족,0,전체 관람가,(주)누리픽쳐스,(주)영화사 그램,N,
MM1000322865,빅 위시,,SALMAS BIG WISH,20191030,,빅 위시,20191105090000,016,멕시코,MG0000000142|MG0000000143|MG0000000395,판타지|어드벤처|가족,0,전체 관람가,,(주)박수엔터테인먼트,N,
MM1000239043,빅샤크2 : 해저2만리,,Happy Little Submarine : 20000 Leagues under the Sea,20190606,1306,빅샤크2: 해저2만리[캐치온],20200106000000,004,중국,MG0000000008|MG0000000013,애니메이션|어드벤처,0,전체 관람가,,와이드 릴리즈(주) ,N,
MM1000325798,빅트립: 아기팬더 배달 대모험,,Big trip,20191023,36090,빅트립: 아기팬더 배달 대모험,20191107090000,002|015,미국|러시아,MG0000000143|MG0000000148|MG0000000395,어드벤처|코미디|가족,0,전체 관람가,,(주)트리플픽쳐스,N,
MM1000125732,빌리어네어 보이즈클럽,,Billionaire Boys Club,20190110,,빌리어네어 보이즈클럽,20190128090000,002,미국,MG0000000001|MG0000000005,드라마|범죄,15,15세 관람가,,씨네그루(주)키다리이엔티 ,N,
MM1000155884,빠삐용,,Papillon,20190227,,빠삐용(2017),20190308090000,002,미국,MG0000000001|MG0000000005,드라마|범죄,15,15세 관람가,,(주)드림팩트엔터테인먼트 ,N,
MM1000141621,뺑반,,Hit-and-Run Squad,20190130,390732,뺑반,20190220090000,001,대한민국,MG0000000002|MG0000000005,액션|범죄,15,15세 관람가,"(주)쇼박스 , 호두앤유픽쳐스(주) ",(주)쇼박스 ,N,
MM1000220228,뽀로로 극장판 보물섬 대모험,뽀로로 극장판 보물섬 대모험,Treasure Island Adventure,20190425,295379,뽀로로 극장판 보물섬 대모험,20190522090000,001,대한민국,MG0000000120|MG0000000121|MG0000000127|MG0000000128,키즈애니|키즈무비|가족|어드벤처,0,전체 관람가,(주)오콘,(주)넥스트엔터테인먼트월드(NEW),N,
MM1000256327,쁘띠 아만다,,Amanda,20190627,2083,쁘띠 아만다,20190711090000,007,프랑스,MG0000000001|MG0000000014,드라마|가족,12,12세 관람가,,알토미디어(주),N,
MM1000141526,사랑은 비가 갠 뒤처럼,,After the Rain,20190207,3454,사랑은 비가 갠 뒤 처럼,20190219090000,003,일본,MG0000000001|MG0000000011,드라마|멜로/로맨스,0,전체 관람가,,(주)디스테이션,N,
MM1000316917,사랑의 선물,,The Gift of Love,20190815,6143,사랑의 선물,20191002090000,001,대한민국,MG0000000001|MG0000000014,드라마|가족,15,15세 관람가,(주)한마음프로덕션 ,(주)한마음프로덕션 ,N,
MM1000136895,사무라이-검신 주베에,,Jubei,20190110,1,사무라이-검신 주베에,20190214090000,003,일본,MG0000000001|MG0000000002,드라마|액션,15,15세 관람가,,,N,
MM1000167168,사바하,,SVAHA : THE SIXTH FINGER,20190220,1677395,사바하,20190327000000,001,대한민국,MG0000000003|MG0000000012,스릴러|미스터리,15,15세 관람가,(주)외유내강 ,CJ 엔터테인먼트 ,N,
MM1000244916,사범,,The Master,20190627,,사범,20190627090000,001,대한민국,MG0000000001|MG0000000017,드라마|다큐멘터리,0,전체 관람가,(주)26컴퍼니,"(주)26컴퍼니, 윤스",N,
MM1000325847,사선의 끝,,The Threshold of Death,20191030,30,사선의 끝,20191108090000,001,대한민국,MG0000000001|MG0000000014,드라마|가족,15,15세 관람가,(주)엠씨엠씨,(주)엠씨엠씨,N,
MM1000299742,사이코패스,,Psychopaths,20190905,,사이코패스(2017),20190905090000,002,미국,MG0000000001|MG0000000004,드라마|공포(호러),19,19세 관람가,,제인앤유 ,N,
MM1000275237,사일런스,,The Silence,20190717,,사일런스(2019),20190806090000,002,미국,MG0000000003|MG0000000004,스릴러|공포(호러),15,15세 관람가,,(주)이수C&E,N,
MM1000291864,사자,,The Divine Fury,20190731,406115,사자,20190827090000,001,대한민국,MG0000000002|MG0000000004|MG0000000006|MG0000000012,액션|공포(호러)|판타지|미스터리,15,15세 관람가,(주)키이스트,롯데컬처웍스(주)롯데엔터테인먼트,N,
MM1000317495,사탄의 인형,,Child's Play,20190620,60340,사탄의 인형(2019),20191008090000,002,미국,MG0000000001|MG0000000004,드라마|공포(호러),19,19세 관람가,,(주)이수C&E,N,
MM1000336287,산타 앤 컴퍼니,,Christmas & Co,20191212,,산타 앤 컴퍼니,20191219090000,007,프랑스,MG0000000010|MG0000000014,코미디|가족,0,전체 관람가,,(주)디스테이션,N,
MM1000158330,살인마 잭의 집,,The house that Jack built,20190221,,살인마 잭의 집,20190312090000,007|013|017|036,프랑스|독일|스웨덴|덴마크,MG0000000001|MG0000000003|MG0000000004,드라마|스릴러|공포(호러),19,19세 관람가,,(주)엣나인필름,N,
MM1000334357,삼촌,,The Uncle,20191128,341,삼촌[캐치온],20200508000000,001,대한민국,MG0000000003|MG0000000012,스릴러|미스터리,19,19세 관람가,"영화사 진 , (주)엠씨엠씨 ",(주)드림팩트엔터테인먼트 ,N,
MM1000331282,삽질,,Rivercide: The Secret Six,20191114,261,삽질,20191128090000,001,대한민국,MG0000000001|MG0000000017,드라마|다큐멘터리,12,12세 관람가,ohmynews,(주)엣나인필름,N,
MM1000271013,상간녀 살인사건,,An Affair to Die For,20190723,,상간녀 살인사건,20190725090000,019,스페인,MG0000000001|MG0000000003,드라마|스릴러,19,19세 관람가,,(주)엘케이픽쳐스,N,
MM1000337943,샐린저,,SALINGER,20191212,,샐린저,20191223090000,002,미국,MG0000000001|MG0000000017,드라마|다큐멘터리,15,15세 관람가,,판씨네마(주),N,
MM1000248467,생사결,,The Brink,20190701,,생사결[캐치온],20191202090000,004|006,중국|홍콩,MG0000000002|MG0000000003,액션|스릴러,19,19세 관람가,,,N,
MM1000205095,생일,,Birthday,20190403,10411,생일,20190508090000,001,대한민국,MG0000000001|MG0000000014,드라마|가족,0,전체 관람가,"나우필름 , (주)영화사레드피터 , 파인하우스 필름 ",(주)NEW ,N,
MM1000199599,샤잠!,,SHAZAM!,20190403,802,샤잠!,20190430170000,002,미국,MG0000000002|MG0000000006|MG0000000015,액션|판타지|SF,12,12세 관람가,,워너 브러더스 코리아(주) ,N,
MM1000229398,서스페리아,,Suspiria,20190516,1412,서스페리아,20190605090000,002|022,미국|이탈리아,MG0000000001|MG0000000004,드라마|공포(호러),19,19세 관람가,,씨나몬(주)홈초이스 ,N,
MM1000182030,선희와 슬기,,Second Life,20190327,1379,선희와 슬기,20190410090000,001,대한민국,MG0000000001|MG0000000014,드라마|가족,12,12세 관람가,한국예술종합학교 ,(주)리틀빅픽처스 ,N,
MM1000245901,세상을 바꾼 변호인,,ON THE BASIS OF SEX,20190613,439,세상을 바꾼 변호인,20190627090000,002,미국,MG0000000001|MG0000000014,드라마|가족,12,12세 관람가,,CGV 아트하우스 ,N,
MM1000235662,소은이의 무릎,,Hoop It Up,20190530,384,소은이의 무릎,20190612090000,001,대한민국,MG0000000001|MG0000000014,드라마|가족,12,12세 관람가,(주)에이치앤디엔터테인먼트 ,(주)영화사 그램,N,
MM1000317649,소피와 드래곤: 마법책의 비밀,,The Princess and The Dragon,20191002,312,소피와 드래곤: 마법책의 비밀,20191011090000,015,러시아,MG0000000142|MG0000000143|MG0000000395,판타지|어드벤처|가족,0,전체 관람가,Licensing Brands ,씨제이이앤엠(주),N,
MM1000336679,속물들,,The Snob,20191212,,속물들,20191220090000,001,대한민국,MG0000000001|MG0000000014,드라마|가족,15,15세 관람가,영화사고래,(주)삼백상회,N,
MM1000243861,솔져스 메모리,,Legionario,20190627,,솔져스 메모리,20190627090000,019,스페인,MG0000000001|MG0000000003|MG0000000009,드라마|스릴러|전쟁,15,15세 관람가,,,N,
MM1000292699,수상한 교수,,The Professor,20190815,478,수상한 교수,20190827090000,002,미국,MG0000000001|MG0000000010,드라마|코미디,15,15세 관람가,,(주)제이앤씨미디어그룹,N,
MM1000278658,수영장으로 간 남자들,,Sink or Swim,20190718,233,수영장으로 간 남자들,20190808090000,007,프랑스,MG0000000001|MG0000000010,드라마|코미디,15,15세 관람가,,(주)엣나인필름 ,N,
MM1000339931,수퍼 디스코,,Super Disco,20191128,1120,수퍼 디스코,20200109090000,001,대한민국,MG0000000001|MG0000000017,드라마|다큐멘터리,12,12세 관람가,명필름랩,(주)리틀빅픽쳐스,N,
MM1000164234,숲속왕국의 꿀벌 여왕,,Tall Tales,20190314,509,숲속왕국의 꿀벌 여왕,20190320090000,007,프랑스,MG0000000143|MG0000000148,어드벤처|코미디,0,전체 관람가,Bidibul Productions ,(주)팝엔터테인먼트,N,
MM1000316939,슈퍼 햄찌,,Supermarsu,20190926,,슈퍼 햄찌,20191002090000,028,핀란드,MG0000000006|MG0000000008|MG0000000014,판타지|애니메이션|가족,0,전체 관람가,,와이드 릴리즈(주),N,
MM1000154912,슈퍼미니 2,,Minuscule: Mandibles From Far Away,20190227,,슈퍼미니 2,20190306090000,007,프랑스,MG0000000143|MG0000000148|MG0000000395,어드벤처|코미디|가족,0,전체 관람가,Futurikon,(주)박수엔터테인먼트,N,
MM1000323799,스노우 화이트,,Pure As Snow,20191024,,스노우 화이트,20191031090000,007|040,프랑스|벨기에,MG0000000001|MG0000000014,드라마|가족,19,19세 관람가,,(주)팝엔터테인먼트,N,
MM1000190550,스마트폰을 떨어뜨렸을 뿐인데,,Stolen Identity,20190404,,스마트폰을 떨어뜨렸을 뿐인데,20190418090000,003,일본,MG0000000001|MG0000000003|MG0000000012,드라마|스릴러|미스터리,15,15세 관람가,,(주)얼리버드픽쳐스,N,
MM1000194528,스카이 라인: 더 비욘드,,BEYOND THE SKY,20190425,,스카이 라인: 더 비욘드,20190425090000,002,미국,MG0000000003|MG0000000012|MG0000000015,스릴러|미스터리|SF,15,15세 관람가,,제인앤유 ,N,
MM1000200340,스탈린이 죽었다!,,The Death of Stalin,20190418,,스탈린이 죽었다!,20190502090000,007|008|040,프랑스|영국|벨기에,MG0000000001|MG0000000010,드라마|코미디,15,15세 관람가,,M&M 인터내셔널,N,
MM1000253148,스트롱거,,STRONGER,20190627,164,스트롱거,20190705090000,002,미국,MG0000000001|MG0000000011,드라마|멜로/로맨스,15,15세 관람가,,(주)올스타엔터테인먼트,N,
MM1000302817,스파이더맨: 파 프롬 홈,,Spider-Man: Far From Home,20190702,8021070,스파이더맨: 파 프롬 홈,20190911000000,002,미국,MG0000000002|MG0000000010|MG0000000013|MG0000000015|MG0000000389,액션|코미디|어드벤처|SF|히어로,12,12세 관람가,,소니픽처스코리아 ,N,
MM1000319833,스페셜 솔져,,AMERICAN BULLET,20190926,,스페셜 솔져,20191017090000,002|022,미국|이탈리아,MG0000000002|MG0000000009,액션|전쟁,15,15세 관람가,,주식회사 풍경소리,N,
MM1000194207,스피닝 맨,,SPINNING MAN,20190425,,스피닝 맨,20190425090000,002|017,미국|스웨덴,MG0000000003|MG0000000005|MG0000000012,스릴러|범죄|미스터리,15,15세 관람가,,주식회사 풍경소리,N,
MM1000341718,시동,,START-UP,20191218,2526118,시동,20200116000000,001,대한민국,MG0000000001|MG0000000010|MG0000000014,드라마|코미디|가족,15,15세 관람가,(주)외유내강,(주)넥스트엔터테인먼트월드(NEW),N,
MM1000238030,시민 노무현,,Citizen Roh,20190523,12071,시민 노무현,20190618090000,001,대한민국,MG0000000001|MG0000000017,드라마|다큐멘터리,12,12세 관람가,M&CF ,삼백상회 ,N,
MM1000332142,시빌,,Sibyl,20191121,,시빌,20191204090000,007,프랑스,MG0000000001|MG0000000014,드라마|가족,19,19세 관람가,,(주)영화특별시에스엠씨,N,
MM1000141651,시인 할매,,"The Poem, My Old Mother",20190205,3004,시인 할매,20190220090000,001,대한민국,MG0000000001|MG0000000017,드라마|다큐멘터리,0,전체 관람가,제이리미디어 ,"(주)스톰픽쳐스코리아 , 와이드 릴리즈(주) ",N,
MM1000325274,시크릿 슈퍼스타,,Secret Superstar,20191024,9454,시크릿 슈퍼스타,20191107090000,010,인도,MG0000000001|MG0000000010,드라마|코미디,12,12세 관람가,,(주)넥스트엔터테인먼트월드(NEW),N,
MM1000125693,신 배틀로얄:극악 소년원,,New Juvenile prison Battle Royale 1,20190110,,신 배틀로얄:극악 소년원,20190124090000,003,일본,MG0000000001|MG0000000002,드라마|액션,19,19세 관람가,,,N,
MM1000127682,신 배틀로얄:극악 소년원 2,,New Juvenile prison Battle Royale 2,20190110,,신 배틀로얄:극악 소년원 2,20190131090000,003,일본,MG0000000001|MG0000000002,드라마|액션,19,19세 관람가,,,N,
MM1000160436,신데렐라:마법 반지의 비밀,,Cinderella and The Secret Prince,20190220,206681,신데렐라:마법 반지의 비밀,20190312090000,002,미국,MG0000000142|MG0000000143|MG0000000146,판타지|어드벤처|순정,0,전체 관람가,Gold Valley Films,예지림엔터테인먼트,N,
MM1000328792,신문기자,,The Journalist,20191017,9673,신문기자,20191122140000,003,일본,MG0000000001|MG0000000003,드라마|스릴러,12,12세 관람가,,"(주)팝엔터테인먼트, 주식회사 더쿱",N,
MM1000143978,신밧드와 마법 양탄자,,Up and away,20190213,,신밧드와 마법 양탄자,20190219000000,036,덴마크,MG0000000143|MG0000000395,어드벤처|가족,0,전체 관람가,M&M Productions,(주)박수엔터테인먼트,N,
MM1000340383,신비아파트 극장판 : 하늘도깨비 대 요르문간드,,The Haunted House: The Sky Ghost VS Jormungandr,20191219,,신비아파트 극장판: 하늘도깨비 대 요르문간드,20200121090000,001,대한민국,MG0000000142|MG0000000144|MG0000000148,판타지|액션|코미디,0,전체 관람가,씨제이이앤엠(주),씨제이이앤엠(주),N,
MM1000333362,신의 한 수: 귀수편,,The Divine Move 2: The Wrathful,20191107,2143617,신의 한 수: 귀수편,20191210000000,001,대한민국,MG0000000002|MG0000000005,액션|범죄,15,15세 관람가,"메이스엔터테인먼트 , (주)아지트필름 ",씨제이이앤엠(주),N,
MM1000150211,실화: 숨겨진 비밀,,Based on a True Story,20190228,,실화: 숨겨진 비밀,20190228090000,007|037|040,프랑스|폴란드|벨기에,MG0000000001|MG0000000003|MG0000000012,드라마|스릴러|미스터리,15,15세 관람가,,(유)조이앤시네마,N,
MM1000170781,심장소리,,Pulse,20190328,,심장소리,20190328090000,011,호주,MG0000000001|MG0000000006|MG0000000015,드라마|판타지|SF,19,19세 관람가,,(유)영화사 화수분,N,
MM1000329488,심판,,In the Fade,20191114,307,심판(2017),20191121090000,007|013,프랑스|독일,MG0000000001|MG0000000005,드라마|범죄,15,15세 관람가,,"그린나래미디어(주), (주)다날엔터테인먼트",N,
MM1000182033,썬키스 패밀리,,Sunkist Family,20190327,26086,썬키스 패밀리,20190410090000,001,대한민국,MG0000000010|MG0000000011|MG0000000014,코미디|멜로/로맨스|가족,15,15세 관람가,(주)영화사두둥 ,메가박스중앙(주)플러스엠 ,N,
MM1000248263,쓰리 세컨즈,,Three Seconds,20190620,,쓰리 세컨즈,20190628090000,015,러시아,MG0000000001|MG0000000013,드라마|어드벤처,12,12세 관람가,,삼백상회 ,N,
MM1000337203,아내를 죽였다,,Killed My Wife,20191211,,아내를 죽였다[캐치온],20200217000000,001,대한민국,MG0000000002|MG0000000003,액션|스릴러,15,15세 관람가,단테미디어랩 ,kth ,N,
MM1000238220,아녜스가 말하는 바르다,,Varda by Agnes,20190530,1102,아녜스가 말하는 바르다,20190620090000,007,프랑스,MG0000000001|MG0000000017,드라마|다큐멘터리,12,12세 관람가,,알토미디어(주),N,
MM1000199616,아메리카 뮤직&와일드,,America's Musical Journey & America Wild,20190424,,아메리카 뮤직&와일드,20190507090000,002,미국,MG0000000001|MG0000000017,드라마|다큐멘터리,0,전체 관람가,,BoXoo 엔터테인먼트 ,N,
MM1000314153,아빠는 딸,,Daddy Issues,20190905,,아빠는 딸(2018),20190926090000,071,베트남,MG0000000001|MG0000000010,드라마|코미디,12,12세 관람가,,,N,
MM1000332163,아빠는 예쁘다,,Dad Is Pretty,20191121,,아빠는 예쁘다,20191203090000,001,대한민국,MG0000000010|MG0000000014,코미디|가족,15,15세 관람가,"(주)유비콘텐츠, 영화사공감",(주)영화사오원,N,
MM1000176357,아사코,,Asako I & II,20190314,,아사코,20190404090000,003,일본,MG0000000001|MG0000000011,드라마|멜로/로맨스,12,12세 관람가,,(주)이수C&E,N,
MM1000335736,아스테릭스: 마법 물약의 비밀,,Asterix: The Secret of the Magic Potion,20191212,,아스테릭스: 마법 물약의 비밀,20191217090000,007,프랑스,MG0000000142|MG0000000148|MG0000000395,판타지|코미디|가족,0,전체 관람가,,(주)박수엔터테인먼트,N,
MM1000126283,아스트로: 우주전쟁,,Astro,20190111,,아스트로: 우주전쟁,20190124090000,002,미국,MG0000000001|MG0000000002|MG0000000015,드라마|액션|SF,15,15세 관람가,,,N,
MM1000319227,아워 바디,,Our Body,20190926,4202,아워 바디,20191015090000,001,대한민국,MG0000000001|MG0000000014,드라마|가족,15,15세 관람가,한국영화아카데미,(주)영화사 진진,N,
MM1000231356,아이 아이 가사: 다시 만난 그날,,Aiaigasa,20190530,168,아이 아이 가사: 다시 만난 그날,20190607090000,003,일본,MG0000000001|MG0000000014,드라마|가족,12,12세 관람가,,(주)드림팩트엔터테인먼트,N,
MM1000194165,아이 엠 마더,,Peppermint,20190411,,아이 엠 마더,20190425090000,002,미국,MG0000000001|MG0000000002|MG0000000003,드라마|액션|스릴러,15,15세 관람가,,"(주)삼백상회, (주)팬엔터테인먼트",N,
MM1000124698,아이 킬 자이언츠,,I Kill Giants,20190124,,아이 킬 자이언츠,20190124090000,002|004|008|040,미국|중국|영국|벨기에,MG0000000001|MG0000000003|MG0000000006|MG0000000013,드라마|스릴러|판타지|어드벤처,12,12세 관람가,,(주)루믹스미디어 ,N,
MM1000140316,아이스,,ICE,20190207,10788,아이스(2018),20190214090000,015,러시아,MG0000000001|MG0000000011|MG0000000018,드라마|멜로/로맨스|뮤지컬,0,전체 관람가,,(주)마노엔터테인먼트,N,
MM1000115704,아이스브레이커,,Icebreaker,20190104,,아이스브레이커,20190110090000,015,러시아,MG0000000001|MG0000000002,드라마|액션,12,12세 관람가,,,N,
MM1000334370,아직 사랑하고 있습니까?,,HOW TO LIVE IN THIS WORLD,20191204,,아직 사랑하고 있습니까?,20191210090000,001,대한민국,MG0000000001|MG0000000010,드라마|코미디,19,19세 관람가,(주)스튜디오후크,(주)디스테이션,N,
MM1000181337,아틱,,ARCTIC,20190327,6563,아틱,20190411090000,084,아이슬란드,MG0000000001|MG0000000014,드라마|가족,12,12세 관람가,,삼백상회 ,N,
MM1000305019,아픈 만큼 사랑한다,,LOVE AS MUCH AS PAIN,20190403,16061,아픈 만큼 사랑한다,20190906090000,001,대한민국,MG0000000001|MG0000000017,드라마|다큐멘터리,0,전체 관람가,"KBS 미디어, (주)드림팩트엔터테인먼트",(주)드림팩트엔터테인먼트,N,
MM1000237467,악인전,,"The Gangster, The Cop, The Devil",20190515,3168041,악인전,20190626000000,001,대한민국,MG0000000002|MG0000000005,액션|범죄,19,19세 관람가,(주)비에이엔터테인먼트 ,"(주)키위미디어그룹 , (주)에이스메이커무비웍스 ",N,
MM1000176290,악질경찰,,Jo Pil-ho: The Dawning Rage,20190320,,악질경찰(2019),20190404180000,001,대한민국,MG0000000001|MG0000000005,드라마|범죄,19,19세 관람가,"청년필름 , 다이스필름 ",워너브러더스 코리아(주),N,
MM1000308558,안나,,ANNA,20190828,57259,안나,20190916090000,002,미국,MG0000000002|MG0000000003,액션|스릴러,15,15세 관람가,,판씨네마(주),N,
MM1000314049,안녕 베일리,,A Dog's journey,20190905,1662,안녕 베일리,20190924090000,002,미국,MG0000000001|MG0000000014,드라마|가족,0,전체 관람가,엠블린 엔터테인먼트 ,CGV아트하우스,N,
MM1000316885,"안녕, 티라노: 영원히, 함께",,"My TYRANO: Together, Forever",20190814,198591,"안녕, 티라노 : 영원히, 함께",20191019090000,001,대한민국,MG0000000143|MG0000000147|MG0000000395,어드벤처|드라마|가족,0,전체 관람가,(주)미디어캐슬,(주)넥스트엔터테인먼트월드(NEW),N,
MM1000199787,안도 타다오,,Samurai Architect Tadao Ando,20190425,,안도 타다오,20190523090000,003,일본,MG0000000001|MG0000000017,드라마|다큐멘터리,0,전체 관람가,,영화사 진진 ,N,
MM1000314140,알라딘,,Aladdin,20190523,12535417,알라딘(2019),20190927090000,002,미국,MG0000000006|MG0000000011|MG0000000013|MG0000000014|MG0000000018,판타지|멜로/로맨스|어드벤처|가족|뮤지컬,0,전체 관람가,,월트 디즈니 컴퍼니 코리아 ,N,
MM1000287401,알랭 뒤카스: 위대한 여정,,The Quest of Alain Ducasse,20190801,606,알랭 뒤카스: 위대한 여정,20190820090000,007,프랑스,MG0000000001|MG0000000017,드라마|다큐멘터리,0,전체 관람가,아웃사이드 필름 ,(주)미로스페이스,N,
MM1000255539,알리타: 배틀 엔젤,,Alita: Battle Angel,20190205,1951889,알리타: 배틀 엔젤,20190711090000,002|009|020,미국|캐나다|아르헨티나,MG0000000002|MG0000000003|MG0000000011|MG0000000013|MG0000000015,액션|스릴러|멜로/로맨스|어드벤처|SF,12,12세 관람가,,이십세기폭스코리아(주),N,
MM1000330411,알카트라즈: 죽음의 수용소,,Alcatraz,20191115,,알카트라즈: 죽음의 수용소,20191128090000,002,미국,MG0000000002|MG0000000005,액션|범죄,15,15세 관람가,,,N,
MM1000325026,암드,,Armed,20190426,60,암드[캐치온],20191105090000,002,미국,MG0000000002|MG0000000003,액션|스릴러,19,19세 관람가,,(주)제이에이와이이엔터테인먼트,N,
MM1000299701,암전,,Warning: Do Not Play,20190815,2482,암전,20190903090000,001,대한민국,MG0000000004|MG0000000012,공포(호러)|미스터리,15,15세 관람가,"토닉프로젝트 , (주)아이뉴 컴퍼니 ",TCO(주)더콘텐츠온,N,
MM1000266020,애나벨 집으로,,Annabelle Comes Home,20190626,291328,애나벨 집으로,20190724090000,002,미국,MG0000000003|MG0000000004|MG0000000012,스릴러|공포(호러)|미스터리,15,15세 관람가,,워너브러더스 코리아(주),N,
MM1000332063,애드 아스트라,,AD ASTRA,20190919,513377,애드 아스트라,20191205090000,002|012,미국|브라질,MG0000000003|MG0000000015,스릴러|SF,12,12세 관람가,,이십세기폭스코리아(주),N,
MM1000317870,애월,,Moonfishing in Aewol,20190926,1060,애월,20191007090000,001,대한민국,MG0000000001|MG0000000011,드라마|멜로/로맨스,12,12세 관람가,(주)흑기사,(주)드림팩트엔터테인먼트,N,
MM1000303152,애프터,,After,20190822,54029,애프터(2019),20190909090000,002,미국,MG0000000001|MG0000000011,드라마|멜로/로맨스,15,15세 관람가,,판씨네마(주),N,
MM1000322175,앨리스 죽이기,,To Kill Alice,20190808,1094,앨리스 죽이기,20191028090000,001,대한민국,MG0000000001|MG0000000017,드라마|다큐멘터리,12,12세 관람가,지킬필름,(주)인디플러그,N,
MM1000315302,앳 퍼스트 라이트,,First Light,20190925,,앳 퍼스트 라이트,20191001090000,009,캐나다,MG0000000001|MG0000000003|MG0000000015,드라마|스릴러|SF,12,12세 관람가,,이언픽쳐스,N,
MM1000315713,앵그리 버드 2: 독수리 왕국의 침공,,The Angry Birds Movie 2,20190807,188914,앵그리 버드 2: 독수리 왕국의 침공,20191002090000,002,미국,MG0000000002|MG0000000008,액션|애니메이션,0,전체 관람가,,소니픽처스코리아 ,N,
MM1000353503,앵커,,Anchor,20191128,,앵커,20200318150000,001,대한민국,MG0000000001|MG0000000014,드라마|가족,15,15세 관람가,,,N,
MM1000318800,양자물리학,,By Quantum Physics: A Nightlife Venture,20190925,438071,양자물리학,20191011090000,001,대한민국,MG0000000001|MG0000000005,드라마|범죄,15,15세 관람가,(주)엠씨엠씨,(주)메리크리스마스,N,
MM1000173105,양지의 그녀,,Girl In The Sunny Place,20190321,126,양지의 그녀,20190402090000,003,일본,MG0000000001|MG0000000011,드라마|멜로/로맨스,12,12세 관람가,,(주)영화사오원,N,
MM1000263167,어글리 돌,,UglyDolls,20190501,52505,어글리 돌,20190718090000,002,미국,MG0000000008|MG0000000010|MG0000000013,애니메이션|코미디|어드벤처,0,전체 관람가,,판씨네마(주),N,
MM1000232989,어린 의뢰인,,My First Client,20190522,188785,어린 의뢰인,20190611090000,001,대한민국,MG0000000001|MG0000000014,드라마|가족,12,12세 관람가,이스트드림시노펙스(주) ,롯데엔터테인먼트 ,N,
MM1000334030,어메이징 그레이스,,Amazing Grace,20191128,2212,어메이징 그레이스(2018),20191212090000,002,미국,MG0000000001|MG0000000017,드라마|다큐멘터리,0,전체 관람가,,(주)영화사 진진,N,
MM1000267010,어벤져스: 엔드게임,,Avengers: Endgame,20190424,13918761,어벤져스: 엔드게임,20190723090000,002,미국,MG0000000001|MG0000000002|MG0000000006|MG0000000013|MG0000000015|MG0000000389,드라마|액션|판타지|어드벤처|SF|히어로,12,12세 관람가,마블 스튜디오 ,월트 디즈니 컴퍼니 코리아 ,N,
MM1000189071,어스,,Us,20190327,936431,어스,20190424000000,002,미국,MG0000000003|MG0000000004,스릴러|공포(호러),15,15세 관람가,,유니버설픽쳐스인터내셔널 코리아(유),N,
MM1000332880,어웨이크너: 히어로의 탄생,,The Awakener,20191205,,어웨이크너: 히어로의 탄생,20191205090000,012,브라질,MG0000000002|MG0000000005,액션|범죄,15,15세 관람가,,(주)콘텐트마인 ,N,
MM1000336626,어제 일은 모두 괜찮아,,The Fault Is Not Yours,20191121,9221,어제 일은 모두 괜찮아,20191220090000,001,대한민국,MG0000000001|MG0000000014,드라마|가족,15,15세 관람가,(주)부영엔터테인먼트,(주)삼백상회,N,
MM1000329749,어쩌다 룸 메이트,,How Long Will I Love U,20191113,,어쩌다 룸 메이트,20191125090000,004,중국,MG0000000001|MG0000000011,드라마|멜로/로맨스,12,12세 관람가,,씨네그루(주)키다리이엔티,N,
MM1000156677,"어쩌다, 결혼",,Trade Your Love,20190227,,"어쩌다, 결혼",20190308090000,001,대한민국,MG0000000010|MG0000000011,코미디|멜로/로맨스,12,12세 관람가,BA엔터테인먼트,CGV 아트하우스,N,
MM1000117095,언니,,No Mercy,20190101,1243,언니,20190115090000,001,대한민국,MG0000000001|MG0000000002,드라마|액션,19,19세 관람가,필름에이픽쳐스 ,"(주)제이앤씨미디어그룹 , TCO(주)더콘텐츠온 ",N,
MM1000315149,언더 더 실버레이크,,Under the Silver Lake,20190919,110,언더 더 실버레이크,20190930090000,002,미국,MG0000000003|MG0000000005,스릴러|범죄,19,19세 관람가,,(주)팝엔터테인먼트,N,
MM1000227593,언더 더 씨2,,Fish Tales 2,20190523,,언더 더 씨2,20190530090000,002,미국,MG0000000143|MG0000000395,어드벤처|가족,0,전체 관람가,,이언픽쳐스,N,
MM1000149881,언더독,,Underdog,20190116,183885,언더독,20190226000000,001,대한민국,MG0000000143|MG0000000147|MG0000000395,어드벤처|드라마|가족,0,전체 관람가,(주)오돌또기 ,(주)넥스트엔터테인먼트월드(NEW),N,
MM1000119517,언싱커블,,The Unthinkable,20190117,,언싱커블(2018),20200513100000,017,스웨덴,MG0000000003|MG0000000012,스릴러|미스터리,12,12세 관람가,,(주)루믹스미디어 ,N,
MM1000136887,얼굴들,,Possible Faces,20190124,1410,얼굴들(2017),20190213090000,001,대한민국,MG0000000001|MG0000000011,드라마|멜로/로맨스,12,12세 관람가,(주)시네마달,(주)시네마달,N,
MM1000330842,얼굴없는 보스,,The Faceless Boss,20191121,,얼굴없는 보스[캐치온],20200128000000,001,대한민국,MG0000000001|MG0000000002,드라마|액션,15,15세 관람가,(주)좋은 하늘 ,(주)좋은 하늘 ,N,
MM1000244895,업사이드,,The Upside,20190613,1274,업사이드,20190702090000,002,미국,MG0000000001|MG0000000010,드라마|코미디,12,12세 관람가,,(주)디스테이션,N,
MM1000163226,에브리타임 룩 앳 유,,303,20190314,,에브리타임 룩 앳 유,20190319090000,013,독일,MG0000000001|MG0000000010|MG0000000011,드라마|코미디|멜로/로맨스,12,12세 관람가,,BoXoo 엔터테인먼트 ,N,
MM1000259292,에움길,,A Long Way Around,20190620,6207,에움길,20190712090000,001,대한민국,MG0000000001|MG0000000017,드라마|다큐멘터리,0,전체 관람가,(주)누미아띠,(주)영화사 그램,N,
MM1000149867,에이리언 어택 2019,,Alien Reign,20190223,,에이리언 어택 2019,20190228090000,002,미국,MG0000000004|MG0000000015,공포(호러)|SF,19,19세 관람가,,,N,
MM1000217152,에이프릴의 딸,,April's Daughter,20190509,92,에이프릴의 딸,20190522090000,016,멕시코,MG0000000001|MG0000000012,드라마|미스터리,19,19세 관람가,,(주)엣나인필름 ,N,
MM1000292737,엑스맨: 다크 피닉스,,X-MEN: DARK PHOENIX,20190605,862633,엑스맨: 다크 피닉스,20190903000000,002,미국,MG0000000002|MG0000000013|MG0000000015,액션|어드벤처|SF,12,12세 관람가,,이십세기폭스코리아(주) ,N,
MM1000304225,엑시트,,EXIT,20190731,8812096,엑시트,20190910000000,001,대한민국,MG0000000002|MG0000000010,액션|코미디,12,12세 관람가,(주)외유내강 ,CJ 엔터테인먼트 ,N,
MM1000325205,엔젤 오브 마인,,Angel of Mine,20191030,1733,엔젤 오브 마인,20191107090000,002,미국,MG0000000001|MG0000000003,드라마|스릴러,15,15세 관람가,,(주)영화사 빅,N,
MM1000330074,엔젤 해즈 폴른,,Angel Has Fallen,20191113,,엔젤 해즈 폴른,20191128090000,002,미국,MG0000000002|MG0000000003,액션|스릴러,15,15세 관람가,,메가박스중앙(주)플러스엠,N,
MM1000168024,엔젤페이스,,Angel Face,20190314,126,엔젤페이스,20190325090000,007,프랑스,MG0000000001|MG0000000014,드라마|가족,15,15세 관람가,,(주)트리플픽쳐스,N,
MM1000239007,엘리펀트킹 덤보,,The elephant king,20190613,,엘리펀트킹 덤보,20190618090000,057,레바논,MG0000000008|MG0000000010|MG0000000013,애니메이션|코미디|어드벤처,0,전체 관람가,,BoXoo 엔터테인먼트 ,N,
MM1000251139,엘프: 사탄의 인형,,The Elf,20190610,,엘프: 사탄의 인형,20190704090000,002,미국,MG0000000001|MG0000000004,드라마|공포(호러),12,12세 관람가,,알이디아이스 엔터 ,N,
MM1000321327,여배우들의 티타임,,Nothing Like a Dame,20191010,58,여배우들의 티타임 ,20191021090000,008,영국,MG0000000001|MG0000000017,드라마|다큐멘터리,12,12세 관람가,,(주)영화사오원,N,
MM1000318651,여수 밤바다,,The Night View of the Ocean in Yeosu,20191010,,여수 밤바다,20191011090000,001,대한민국,MG0000000001|MG0000000010,드라마|코미디,15,15세 관람가,닷 팩토리,닷 팩토리,N,
MM1000324152,열두 번째 용의자,,The 12th Suspect,20191010,189,열두 번째 용의자,20191101090000,001,대한민국,MG0000000003|MG0000000012,스릴러|미스터리,12,12세 관람가,"(주)영화사진, 엠앤씨에프",㈜인디스토리,N,
MM1000326284,열여섯의 봄,,The Crossing,20191107,,열여섯의 봄,20191114090000,004,중국,MG0000000001|MG0000000014,드라마|가족,12,12세 관람가,,(주)디스테이션,N,
MM1000147845,엽문 외전,,Master Z: The Ip Man Legacy,20190225,,엽문 외전,20190225090000,004,중국,MG0000000001|MG0000000002,드라마|액션,15,15세 관람가,,씨네그루(주)키다리이엔티,N,
MM1000331332,영하의 바람,,Sub-zero Wind,20191114,302,영하의 바람,20191128090000,001,대한민국,MG0000000001|MG0000000014,드라마|가족,12,12세 관람가,"비밀의화원, 브릿지 프로덕션",(주)영화사 진진,N,
MM1000339941,영화로운 나날,,Film Adventure,20191212,,영화로운 나날,20200106090000,001,대한민국,MG0000000001|MG0000000006|MG0000000011,드라마|판타지|멜로/로맨스,12,12세 관람가,콧수염필름즈,㈜인디스토리,N,
MM1000187998,예수보다 낯선,,Stranger than Jesus,20190404,201,예수보다 낯선,20190416090000,001,대한민국,MG0000000001|MG0000000010,드라마|코미디,15,15세 관람가,우사유필름 ,(주)미로스페이스 ,N,
MM1000320025,예스터데이,,YESTERDAY,20190918,295370,예스터데이(2019),20191016090000,008,영국,MG0000000001|MG0000000014,드라마|가족,12,12세 관람가,,유니버설픽쳐스인터내셔널 코리아(유),N,
MM1000334892,"오늘, 우리",,"Today, Together",20191031,1037,"오늘, 우리",20191212090000,001,대한민국,MG0000000001|MG0000000014,드라마|가족,12,12세 관람가,,필름다빈,N,
MM1000322083,오늘도 위위,,The Journey of the 12 Cats,20191017,,오늘도 위위,20191024090000,001,대한민국,MG0000000001|MG0000000014,드라마|가족,0,전체 관람가,(주)코쿤나인,(주)영화사오원,N,
MM1000190786,오늘도 평화로운,,Super Margin,20190404,714,오늘도 평화로운,20190418090000,001,대한민국,MG0000000002|MG0000000010,액션|코미디,15,15세 관람가,꾸러기스튜디오 ,(주)영화사 그램,N,
MM1000318753,오만,,Huris,20190905,348,오만,20191010090000,001,대한민국,MG0000000001|MG0000000011,드라마|멜로/로맨스,15,15세 관람가,(주)백그림,,N,
MM1000308382,오토의 클래식 음악여행,,Oto and Music,20190911,,오토의 클래식 음악여행[우리말],20190911090000,013,독일,MG0000000142|MG0000000143|MG0000000395,판타지|어드벤처|가족,0,전체 관람가,,(유)헤이데이웍스,N,
MM1000334278,오피셜 시크릿,,Official Secrets,20191127,7740,오피셜 시크릿,20191210090000,002,미국,MG0000000001|MG0000000003,드라마|스릴러,15,15세 관람가,,(주)팬엔터테인먼트,N,
MM1000173197,옷코는 초등학생 사장님!,,Okko's Inn,20190227,4617,옷코는 초등학생 사장님!,20190401090000,003,일본,MG0000000147|MG0000000148,드라마|코미디,0,전체 관람가,매드하우스,(주)트리플픽쳐스,N,
MM1000235736,옹알스,,Ongals,20190530,1477,옹알스,20190613090000,001,대한민국,MG0000000010|MG0000000017,코미디|다큐멘터리,0,전체 관람가,TKC픽처스 ,(주)리틀빅픽처스 ,N,
MM1000318562,와인스타인,,Untouchable,20190926,1246,와인스타인,20191010090000,002,미국,MG0000000001|MG0000000017,드라마|다큐멘터리,15,15세 관람가,BBC (British Broadcasting Corporation) ,(주)영화특별시에스엠씨,N,
MM1000340397,와일드 라이프,,Wildlife,20191225,,와일드 라이프,20200107090000,002,미국,MG0000000001|MG0000000014,드라마|가족,15,15세 관람가,,그린나래미디어(주) ,N,
MM1000323701,와일드 로즈,,Wild Rose,20191017,765,와일드 로즈,20191030090000,008,영국,MG0000000001|MG0000000014,드라마|가족,15,15세 관람가,,판씨네마(주),N,
MM1000114876,완벽한 그녀의 비밀,,The Perfect Girl,20190110,,완벽한 그녀의 비밀,20190110090000,005,대만,MG0000000003|MG0000000005|MG0000000012,스릴러|범죄|미스터리,19,19세 관람가,,(주)달빛공장,N,
MM1000239051,완벽한 살인,,Intensive Care,20190620,,완벽한 살인,20190620090000,002,미국,MG0000000002|MG0000000003,액션|스릴러,15,15세 관람가,,BX 픽쳐스 ,N,
MM1000330071,왓 데이 해드,,What They Had,20191107,572,왓 데이 해드,20191125090000,002,미국,MG0000000001|MG0000000014,드라마|가족,12,12세 관람가,,(주)영화사 그램,N,
MM1000200785,왓칭,,Watching,20190417,956,왓칭[캐치온],20190702090000,001,대한민국,MG0000000003|MG0000000004,스릴러|공포(호러),15,15세 관람가,(주)스토리공감 ,(주)리틀빅픽쳐스,N,
MM1000147399,왕이 될 아이,,The Kid Who Would Be King,20190116,29063,왕이 될 아이,20190227090000,002|008,미국|영국,MG0000000006|MG0000000013,판타지|어드벤처,0,전체 관람가,워킹 타이틀 ,이십세기폭스코리아(주),N,
MM1000209557,요로나의 저주,,The Curse of La Llorona,20190417,199532,요로나의 저주,20190515090000,002,미국,MG0000000003|MG0000000004|MG0000000012,스릴러|공포(호러)|미스터리,15,15세 관람가,,워너브러더스 코리아(주),N,
MM1000233085,우리 지금 만나,,Let Us Meet Now,20190529,705,우리 지금 만나,20190614090000,001,대한민국,MG0000000001|MG0000000014,드라마|가족,12,12세 관람가,,인디스토리 ,N,
MM1000230540,우리가족: 라멘샵,,RAMEN SHOP,20190131,6869,우리가족: 라멘샵,20190605090000,007|008|082,프랑스|영국|싱가포르,MG0000000001|MG0000000014,드라마|가족,12,12세 관람가,,(주)팝엔터테인먼트,N,
MM1000260571,우리는 언제나 성에 살았다,,We Have Always Lived in the Castle,20190711,180,우리는 언제나 성에 살았다,20190719090000,002,미국,MG0000000003|MG0000000012,스릴러|미스터리,15,15세 관람가,,(주)디스테이션,N,
MM1000182422,우리들의 완벽한 세계,,Perfect World,20190404,650,우리들의 완벽한 세계,20190411090000,003,일본,MG0000000001|MG0000000011,드라마|멜로/로맨스,0,전체 관람가,,(주)디스테이션,N,
MM1000339155,우리를 갈라놓는 것들,,Things That Do Us Part,20191128,789,우리를 갈라놓는 것들,20191230090000,001,대한민국,MG0000000001|MG0000000017,드라마|다큐멘터리,12,12세 관람가,반달,(주)엣나인필름,N,
MM1000318656,우리집,,The House of Us,20190822,51500,우리집(2019),20191015090000,001,대한민국,MG0000000001|MG0000000014,드라마|가족,0,전체 관람가,(주)아토,롯데엔터테인먼트 ,N,
MM1000327905,우먼 인 할리우드,,This Changes Everything,20191031,799,우먼 인 할리우드,20191121090000,002,미국,MG0000000001|MG0000000017,드라마|다큐멘터리,0,전체 관람가,,(주)마노엔터테인먼트,N,
MM1000178652,우상,,Idol,20190320,,우상,20190409090000,001,대한민국,MG0000000001|MG0000000003,드라마|스릴러,15,15세 관람가,(주)리공동체영화사 ,CGV 아트하우스 ,N,
MM1000319674,우주전쟁 2019,,Airwaves,20191004,,우주전쟁 2019,20191017090000,002,미국,MG0000000002|MG0000000015,액션|SF,15,15세 관람가,,(주)소나무픽쳐스,N,
MM1000126745,우행록: 어리석은 자의 기록,,Traces of Sin,20190117,,우행록: 어리석은 자의 기록,20190129090000,003,일본,MG0000000001|MG0000000012,드라마|미스터리,15,15세 관람가,,(주)드림팩트엔터테인먼트 ,N,
MM1000167979,울프 SWAT,,Wolf,20190325,,울프 SWAT,20190325090000,111,터키,MG0000000002|MG0000000003|MG0000000009,액션|스릴러|전쟁,15,15세 관람가,,BX픽쳐스 ,N,
MM1000178083,원네이션,,"One Nation, One King",20190321,,원네이션,20190409090000,007,프랑스,MG0000000001|MG0000000014|MG0000000016,드라마|가족|사극,15,15세 관람가,,세미콜론 스튜디오 ,N,
MM1000299141,원더랜드,,Wonder Park,20190814,,원더랜드(2019),20190905090000,002|019,미국|스페인,MG0000000008|MG0000000010|MG0000000013|MG0000000014,애니메이션|코미디|어드벤처|가족,0,전체 관람가,파라마운트 픽쳐스,롯데컬처웍스(주)롯데엔터테인먼트,N,
MM1000329940,원스 어폰 어 타임... 인 할리우드,,Once Upon a Time... in Hollywood,20190925,275638,원스 어폰 어 타임... 인 할리우드,20191127090000,002|008,미국|영국,MG0000000001|MG0000000010,드라마|코미디,19,19세 관람가,,소니픽처스코리아 ,N,
MM1000321019,웰컴 투 스웨덴,,Kingdom of Sweden,20191031,,웰컴 투 스웨덴,20191031090000,017,스웨덴,MG0000000001|MG0000000010,드라마|코미디,15,15세 관람가,,(주) 컴퍼니 엘 ,N,
MM1000218541,위대한 전진,,Dear Elza!,20190516,,위대한 전진,20190523090000,030,헝가리,MG0000000001|MG0000000009,드라마|전쟁,12,12세 관람가,,(주)스토리제이,N,
MM1000199551,유랑지구,,The Wandering Earth,20190418,,유랑지구,20190430170000,004,중국,MG0000000001|MG0000000015,드라마|SF,12,12세 관람가,,씨네그루(주)키다리이엔티,N,
MM1000314015,유열의 음악앨범,,Tune in for Love,20190828,539254,유열의 음악앨범,20190924090000,001,대한민국,MG0000000001|MG0000000011,드라마|멜로/로맨스,12,12세 관람가,"무비락 , 필름봉옥 , 정지우필름 ",CGV 아트하우스 ,N,
MM1000337111,윤희에게,,Moonlit Winter,20191114,82554,윤희에게,20191220090000,001,대한민국,MG0000000001|MG0000000011,드라마|멜로/로맨스,12,12세 관람가,영화사 달리기,(주)리틀빅픽쳐스,N,
MM1000179076,이스케이프 룸,,The Escape Room,20190314,561812,이스케이프 룸(2019),20190410090000,002|041,미국|남아프리카 공화국,MG0000000002|MG0000000003|MG0000000004,액션|스릴러|공포(호러),15,15세 관람가,,소니픽처스코리아 ,N,
MM1000142829,이월,,February,20190130,466,이월,20190219090000,001,대한민국,MG0000000001|MG0000000014,드라마|가족,15,15세 관람가,"(주)무비락 , 모래내극장",무브먼트,N,
MM1000264926,이케아 옷장에서 시작된 특별난 여행,,The Extraordinary Journey Of The Fakir,20190718,608,이케아 옷장에서 시작된 특별난 여행,20190724090000,007,프랑스,MG0000000001|MG0000000013,드라마|어드벤처,12,12세 관람가,,(주)스마일이엔티,N,
MM1000297985,이타미 준의 바다,,The Sea of Itami Jun,20190815,,이타미 준의 바다,20190904090000,001,대한민국,MG0000000001|MG0000000017,드라마|다큐멘터리,0,전체 관람가,기린그림,(주)영화사 진진,N,
MM1000287791,인면어: 저주의 시작,,The Tag Along Sequel: Devil Fish,20190814,,인면어: 저주의 시작[캐치온],20191212090000,005,대만,MG0000000004|MG0000000012,공포(호러)|미스터리,15,15세 관람가,,(주)디스테이션,N,
MM1000300098,인비저블 위트니스,,The Invisible Witness,20190828,,인비저블 위트니스,20190903090000,022,이탈리아,MG0000000001|MG0000000003,드라마|스릴러,15,15세 관람가,,이언픽쳐스,N,
MM1000334690,인투 더 애쉬,,Into the Ashes,20191212,,인투 더 애쉬,20191212090000,002,미국,MG0000000002|MG0000000005,액션|범죄,15,15세 관람가,,(주)아이아스플러스 ,N,
MM1000229624,일일시호일,,Every Day a Good Day,20190117,41658,일일시호일,20190607090000,003,일본,MG0000000001|MG0000000014,드라마|가족,12,12세 관람가,,(주)영화사 진진,N,
MM1000320708,잃어버린 세계를 찾아서,,Missing Link,20191009,,잃어버린 세계를 찾아서(2019),20191021090000,002|009,미국|캐나다,MG0000000008|MG0000000010|MG0000000013,애니메이션|코미디|어드벤처,0,전체 관람가,,(주)이수C&E,N,
MM1000213326,자칼,,Jackals,20190516,,자칼(2017),20190516090000,002,미국,MG0000000003|MG0000000004,스릴러|공포(호러),15,15세 관람가,,,N,
MM1000199214,장난스런 키스,,Fall in Love at First Kiss,20190327,172941,장난스런 키스(2018),20190429090000,005,대만,MG0000000001|MG0000000011,드라마|멜로/로맨스,12,12세 관람가,,"오드 , 씨나몬(주)홈초이스 ",N,
MM1000320979,장사리: 잊혀진 영웅들,,Battle of Jangsari,20190925,759487,장사리: 잊혀진 영웅들,20191021090000,001,대한민국,MG0000000001|MG0000000009,드라마|전쟁,12,12세 관람가,(주)태원엔터테인먼트,워너브러더스 코리아(주),N,
MM1000322073,재혼의 기술,,Remarriage Skills,20191017,,재혼의 기술,20191024090000,001,대한민국,MG0000000010|MG0000000011,코미디|멜로/로맨스,12,12세 관람가,하준사,주식회사 마운틴픽쳐스,N,
MM1000358727,적인걸 5: 측천무후 지유명도,,Detective Dee's Hell Road,20191008,,적인걸 5: 측천무후 지유명도[캐치온],20200414000000,004,중국,MG0000000002|MG0000000012|MG0000000386,액션|미스터리|무협,15,15세 관람가,,(주) 케이알씨지 ,N,
MM1000168568,정글북: 마법 원정대,,Savva,20190321,,정글북: 마법 원정대,20190326090000,015,러시아,MG0000000142|MG0000000143|MG0000000144,판타지|어드벤처|액션,0,전체 관람가,Glukoza Production,(주)박수엔터테인먼트,N,
MM1000325679,제미니 맨,,Gemini Man,20191009,385780,제미니 맨,20191114000000,002,미국,MG0000000001|MG0000000002|MG0000000015,드라마|액션|SF,12,12세 관람가,,롯데컬처웍스(주)롯데엔터테인먼트,N,
MM1000264533,조,,Zoe,20190711,1246,조(2019),20190725090000,002,미국,MG0000000011|MG0000000015,멜로/로맨스|SF,15,15세 관람가,,(주)팝엔터테인먼트,N,
MM1000324493,조커,,Joker,20191002,80,조커,20191106000000,002,미국,MG0000000001|MG0000000003,드라마|스릴러,15,15세 관람가,,워너브러더스 코리아(주),N,
MM1000285190,존 윅 3: 파라벨룸,,John Wick: Chapter 3 - parabellum,20190626,942513,존 윅 3: 파라벨룸,20190821000000,002,미국,MG0000000002|MG0000000003|MG0000000005,액션|스릴러|범죄,19,19세 관람가,,"(주)제이앤씨미디어그룹 , TCO(주)더콘텐츠온 ",N,
MM1000327645,졸업,,Graduation,20191107,609,졸업(2018),20191121090000,001,대한민국,MG0000000001|MG0000000017,드라마|다큐멘터리,12,12세 관람가,미디어나무 ,(주)시네마달,N,
MM1000335709,좀비랜드: 더블 탭,,Zombieland: Double Tap,20191113,136134,좀비랜드: 더블 탭,20191216090000,002,미국,MG0000000002|MG0000000004|MG0000000010,액션|공포(호러)|코미디,15,15세 관람가,소니픽처스코리아 ,소니픽쳐스엔터테인먼트코리아주식회사극장배급지점,N,
MM1000228485,죄와 벌,,Romans,20190604,,죄와 벌,20190604090000,008,영국,MG0000000001|MG0000000005|MG0000000014,드라마|범죄|가족,15,15세 관람가,,(주) 액티버스엔터테인먼트 ,N,
MM1000131615,주먹왕 랄프 2: 인터넷 속으로,,Ralph Breaks the Internet,20190103,4516,주먹왕 랄프 2: 인터넷 속으로[3D],20190201090000,002,미국,MG0000000008|MG0000000010|MG0000000013|MG0000000014,애니메이션|코미디|어드벤처|가족,0,전체 관람가,,월트 디즈니 컴퍼니 코리아 ,N,
MM1000308488,주전장,,Shusenjo: The Main Battleground Of The Comfort Women Issue,20190725,35733,주전장,20191121090000,002,미국,MG0000000001|MG0000000017,드라마|다큐멘터리,0,전체 관람가,,(주)시네마달,N,
MM1000255211,죽음을 거스른 사나이,,Mystery of Muye: Jin Baozi,20190711,,죽음을 거스른 사나이,20190711090000,004,중국,MG0000000002|MG0000000006,액션|판타지,15,15세 관람가,,(주)액티버스엔터테인먼트,N,
MM1000289600,쥬,,Zoo,20190813,,쥬(2018),20190822090000,017|036,스웨덴|덴마크,MG0000000001|MG0000000004|MG0000000010|MG0000000011,드라마|공포(호러)|코미디|멜로/로맨스,19,19세 관람가,,,N,
MM1000346889,쥬만지: 넥스트 레벨,,Jumanji: The Next Level,20191211,,쥬만지: 넥스트 레벨,20200213090000,002,미국,MG0000000002|MG0000000013,액션|어드벤처,12,12세 관람가,,소니픽처스코리아 ,N,
MM1000349824,쥬만지: 넥스트 레벨,[다국어자막],Jumanji: The Next Level,20191211,,쥬만지: 넥스트 레벨[다국어자막],20200227090000,002,미국,MG0000000002|MG0000000013,액션|어드벤처,12,12세 관람가,,소니픽처스코리아 ,N,
MM1000160568,증인,,Innocent Witness,20190213,1915756,증인,20190319000000,001,대한민국,MG0000000001|MG0000000014|MG0000000387,드라마|가족|정치/법정,12,12세 관람가,"(주)무비락 , (주)도서관옆스튜디오 ",롯데엔터테인먼트 ,N,
MM1000295741,지구 공룡 대탐험,,Dinotasia Dinosaur Chronicle,20190815,,지구 공룡 대탐험,20190828090000,002,미국,MG0000000143|MG0000000144|MG0000000395,어드벤처|액션|가족,0,전체 관람가,,와이드 릴리즈(주),N,
MM1000252716,지구 최후의 날 2019,,Sightings,20190614,,지구 최후의 날 2019,20190704090000,002,미국,MG0000000001|MG0000000012|MG0000000013,드라마|미스터리|어드벤처,12,12세 관람가,,,N,
MM1000273673,지구 최후의 밤,,Long Day's Journey Into Night,20190725,,지구 최후의 밤,20190801090000,004,중국,MG0000000001|MG0000000012,드라마|미스터리,12,12세 관람가,,찬란,N,
MM1000275119,진범,,The Culprit,20190710,786,진범,20190805090000,001,대한민국,MG0000000003|MG0000000005|MG0000000012,스릴러|범죄|미스터리,15,15세 관람가,"(주)곰픽쳐스, (주)트러스트스튜디오",(주)리틀빅픽쳐스,N,
MM1000337158,집 이야기,,I Am Home,20191128,2630,집 이야기,20191219090000,001,대한민국,MG0000000001|MG0000000014,드라마|가족,12,12세 관람가,(주)영화사지음,CGV아트하우스,N,
MM1000125585,창간호,,The First Issue,20190117,,창간호,20190124090000,001,대한민국,MG0000000001|MG0000000010|MG0000000011|MG0000000018,드라마|코미디|멜로/로맨스|뮤지컬,15,15세 관람가,백그림 ,트리플픽쳐스 ,N,
MM1000137307,챔피언스,,CAMPEONES,20190207,3483,챔피언스,20190213090000,019,스페인,MG0000000001|MG0000000010,드라마|코미디,0,전체 관람가,,(주)영화사 빅,N,
MM1000264495,천로역정: 천국을 찾아서,,The Pilgrim's Progress,20190613,199791,천로역정: 천국을 찾아서,20190718090000,002,미국,MG0000000142|MG0000000143,판타지|어드벤처,0,전체 관람가,Cat In The Mill Studio,"(재)CBS, 주식회사 마운틴픽쳐스",N,
MM1000343999,천문: 하늘에 묻는다,,Forbidden Dream,20191226,,천문: 하늘에 묻는다,20200128090000,001,대한민국,MG0000000001|MG0000000392,드라마|시대극(근현대),12,12세 관람가,(주)하이브미디어코프 ,롯데엔터테인먼트 ,N,
MM1000168866,철벽선생,,"My Teacher, My Love",20190314,,철벽선생,20190327090000,003,일본,MG0000000010|MG0000000011,코미디|멜로/로맨스,12,12세 관람가,,(주)미디어캐슬,N,
MM1000329732,첫잔처럼,,,20191011,290,첫잔처럼,20191122090000,001,대한민국,MG0000000001|MG0000000014,드라마|가족,15,15세 관람가,(주)백그림,(주)백그림,N,
MM1000333433,청춘 돼지는 꿈꾸는 소녀의 꿈을 꾸지 않는다,,Rascal Does Not Dream of a Dreaming Girl,20190822,11486,청춘돼지는 꿈꾸는 소녀의 꿈을 꾸지 않는다,20191206090000,003,일본,MG0000000142|MG0000000146|MG0000000147,판타지|순정|드라마,12,12세 관람가,CloverWorks,(주)애니플러스,N,
MM1000238938,체 게바라: 1부 아르헨티나,,Che: Part One,20190613,,체 게바라: 1부 아르헨티나,20190620090000,002|007|019,미국|프랑스|스페인,MG0000000001|MG0000000009,드라마|전쟁,15,15세 관람가,,찬란,N,
MM1000238946,체 게바라: 2부 게릴라,,Che: Part Two,20190613,,체 게바라: 2부 게릴라,20190620090000,002|007|019,미국|프랑스|스페인,MG0000000001|MG0000000009,드라마|전쟁,15,15세 관람가,,찬란,N,
MM1000318568,체인지 오버,,The Changeover,20190926,746,체인지 오버,20191010090000,039,뉴질랜드,MG0000000006|MG0000000011,판타지|멜로/로맨스,12,12세 관람가,,(주)디오시네마,N,
MM1000325782,체크 히어로,,Checkered Ninja,20191023,12539,체크 히어로,20191107090000,036,덴마크,MG0000000143|MG0000000148|MG0000000395,어드벤처|코미디|가족,0,전체 관람가,,예지림엔터테인먼트,N,
MM1000184645,출동! 도토리 구조대,,Get Squirrely,20190328,9781,출동! 도토리 구조대,20190411090000,002,미국,MG0000000148|MG0000000395,코미디|가족,0,전체 관람가,Awesometown Entertainment ,(주)디스테이션,N,
MM1000145239,치트 더 행맨,,Cheat the Hangman,20190219,,치트 더 행맨,20190221090000,002,미국,MG0000000001|MG0000000002,드라마|액션,15,15세 관람가,,(주)케이알씨지,N,
MM1000184271,칠곡 가시나들,,Granny Poetry Club,20190227,39602,칠곡 가시나들,20190415090000,001,대한민국,MG0000000001|MG0000000017,드라마|다큐멘터리,0,전체 관람가,단유필름 ,"인디플러그 , 더 피플 ",N,
MM1000263910,칠드런 액트,,The Children Act,20190704,1323,칠드런 액트,20190723090000,008,영국,MG0000000001|MG0000000014,드라마|가족,12,12세 관람가,,씨나몬(주)홈초이스 ,N,
MM1000305499,침입자들,,Bodies at Rest,20190910,,침입자들,20190910090000,006,홍콩,MG0000000002|MG0000000005|MG0000000012,액션|범죄|미스터리,15,15세 관람가,,BoXoo 엔터테인먼트 ,N,
MM1000319827,카르텔 2045,,Cartel 2045,20191017,,카르텔 2045,20191017090000,002,미국,MG0000000002|MG0000000013|MG0000000015,액션|어드벤처|SF,15,15세 관람가,,,N,
MM1000329769,카메라를 멈추면 안 돼! 스핀오프: 할리우드 대작전,,One Cut of the Dead Spin-Off: In Hollywood,20191114,94,카메라를 멈추면 안 돼! 스핀오프: 할리우드 대작전,20191126090000,003,일본,MG0000000004|MG0000000010,공포(호러)|코미디,15,15세 관람가,,(주)디오시네마,N,
MM1000334196,카센타,,NAILED,20191127,8327,카센타,20191210090000,001,대한민국,MG0000000005|MG0000000010,범죄|코미디,15,15세 관람가,88애비뉴(주) ,(주)트리플픽쳐스,N,
MM1000341148,카운트 다운,,Countdown,20191212,73305,카운트 다운(2019),20200110090000,002,미국,MG0000000003|MG0000000004,스릴러|공포(호러),15,15세 관람가,,(주)제이앤씨미디어그룹 ,N,
MM1000351786,캐리tv 러브콘서트 더 무비,캐치온,CarrieTV LOVE CONCERT : THE MOVIE,20190807,,캐리tv 러브콘서트 더 무비[캐치온],20200309000000,001,대한민국,MG0000000019,공연,0,전체 관람가,(주)캐리소프트 ,롯데엔터테인먼트 ,N,
MM1000328081,캔 유 킵 어 시크릿?,,Can You Keep a Secret?,20191107,664,캔 유 킵 어 시크릿?,20191119090000,002,미국,MG0000000010|MG0000000011,코미디|멜로/로맨스,15,15세 관람가,,(주)팝엔터테인먼트,N,
MM1000278711,캘리포니아 타이프라이터,,California Typewriter,20190725,,캘리포니아 타이프라이터 ,20190808090000,002|007|009|010,미국|프랑스|캐나다|인도,MG0000000001|MG0000000017,드라마|다큐멘터리,0,전체 관람가,,찬란,N,
MM1000330551,캡티브 스테이트,,Captive State,20191114,,캡티브 스테이트,20191128090000,002,미국,MG0000000003|MG0000000015,스릴러|SF,12,12세 관람가,,CGV아트하우스,N,
MM1000213689,캡틴 마블,,Captain Marvel,20190306,5787039,캡틴 마블,20190528000000,002,미국,MG0000000002|MG0000000006|MG0000000013|MG0000000015|MG0000000389,액션|판타지|어드벤처|SF|히어로,12,12세 관람가,마블 스튜디오 ,월트 디즈니 컴퍼니 코리아 ,N,
MM1000348698,캣츠,[다국어자막],Cats,20191224,,캣츠(2019)[다국어자막],20200220090000,002|008,미국|영국,MG0000000001|MG0000000018,드라마|뮤지컬,12,12세 관람가,,유니버설 픽쳐스 ,N,
MM1000343504,캣츠,,Cats,20191224,,캣츠(2019),20200121090000,002|008,미국|영국,MG0000000001|MG0000000018,드라마|뮤지컬,12,12세 관람가,,유니버설 픽쳐스 ,N,
MM1000305840,커런트 워,,The Current War,20190822,187134,커런트 워,20190909090000,002,미국,MG0000000001|MG0000000014,드라마|가족,12,12세 관람가,,(주)이수C&E,N,
MM1000260823,컨저링 하우스,,Hide in the light,20190701,,컨저링 하우스(2018),20190718090000,002,미국,MG0000000003|MG0000000004,스릴러|공포(호러),15,15세 관람가,,(주)소나무픽쳐스,N,
MM1000340018,코끼리는 그곳에 있어,,An Elephant Sitting Still,20191121,836,코끼리는 그곳에 있어,20200107090000,004,중국,MG0000000001|MG0000000014,드라마|가족,12,12세 관람가,,아이 엠,N,
MM1000320822,콘택트: 지구 최후의 날,,His Master’s Voice,20191016,,콘택트: 지구 최후의 날,20191024090000,009|030,캐나다|헝가리,MG0000000002|MG0000000015,액션|SF,19,19세 관람가,,(주)소나무픽쳐스,N,
MM1000144473,콜드 워,,COLD WAR,20190207,149,콜드 워(2018),20190226090000,037,폴란드,MG0000000001|MG0000000011,드라마|멜로/로맨스,15,15세 관람가,,아이 엠,N,
MM1000191128,콜드 체이싱,,Cold Pursuit,20190220,97681,콜드 체이싱,20190418090000,008,영국,MG0000000001|MG0000000002,드라마|액션,15,15세 관람가,,"TCO(주)더콘텐츠온 , (주)제이앤씨미디어그룹 ",N,
MM1000181750,콜레트,,COLETTE,20190327,22342,콜레트,20190411090000,002|008|030,미국|영국|헝가리,MG0000000001|MG0000000014,드라마|가족,15,15세 관람가,,"(주)NEW , (주)팬 엔터테인먼트 ",N,
MM1000128477,쿠르스크,,Kursk,20190116,,쿠르스크,20190128090000,007|040,프랑스|벨기에,MG0000000001|MG0000000014,드라마|가족,15,15세 관람가,,"(주)제이앤씨미디어그룹 , TCO(주)더콘텐츠온 ",N,
MM1000326525,쿠엔틴 타란티노 8,,QT8: The First Eight,20191030,1281,쿠엔틴 타란티노 8,20191118090000,002,미국,MG0000000001|MG0000000017,드라마|다큐멘터리,19,19세 관람가,,(주)누리픽쳐스,N,
MM1000319481,쿵푸 보이,,Chhota Bheem Kung Fu Dhamaka,20191009,,쿵푸 보이,20191014090000,010,인도,MG0000000143|MG0000000144,어드벤처|액션,0,전체 관람가,Green Gold Animation,(주)팝엔터테인먼트,N,
MM1000171786,쿵푸 워리어,,Birth of a Warrior,20190326,,쿵푸 워리어,20190402090000,011,호주,MG0000000001|MG0000000002,드라마|액션,15,15세 관람가,,(주)케이알씨지,N,
MM1000266003,쿵푸 파이터,,innerself,20190701,,쿵푸 파이터,20190725090000,002,미국,MG0000000002|MG0000000010,액션|코미디,15,15세 관람가,,,N,
MM1000264987,쿵푸몬스터: 무림괴수전,,kung fu monster,20190725,,쿵푸몬스터: 무림괴수전,20190725090000,004|006,중국|홍콩,MG0000000006|MG0000000010|MG0000000386,판타지|코미디|무협,12,12세 관람가,,하드릴컴퍼니 ,N,
MM1000209818,크게 될 놈,,,20190418,93471,크게 될 놈,20190513090000,001,대한민국,MG0000000001|MG0000000014,드라마|가족,15,15세 관람가,밀짚모자영화사(주),(주)영화사오원,N,
MM1000334787,크롤,,CRAWL,20191127,87149,크롤(2019),20191213090000,002,미국,MG0000000002|MG0000000003,액션|스릴러,15,15세 관람가,,롯데엔터테인먼트 ,N,
MM1000328631,크리미널: 해튼가든,,King of Thieves,20191121,,크리미널: 해튼가든,20191121090000,008,영국,MG0000000001|MG0000000005,드라마|범죄,15,15세 관람가,워킹 타이틀 필름,세미콜론 스튜디오 ,N,
MM1000232904,클로즈 에너미,,Close Enemies,20190613,,클로즈 에너미,20190613090000,007|040,프랑스|벨기에,MG0000000001|MG0000000003,드라마|스릴러,15,15세 관람가,,세컨드웨이브 ,N,
MM1000193316,키코리키: 시간여행,,Kikoriki: Deja Vu,20190410,,키코리키: 시간여행,20190419090000,015,러시아,MG0000000143|MG0000000148|MG0000000395,어드벤처|코미디|가족,0,전체 관람가,Peterburg Animation Studio,(주)박수엔터테인먼트,N,
MM1000328664,타이페이 스토리,,Taipei Story,20191107,105,타이페이 스토리,20191121090000,005,대만,MG0000000001|MG0000000014,드라마|가족,15,15세 관람가,,(주)드림팩트엔터테인먼트,N,
MM1000139052,타임 워프 워,,Frontier,20190214,,타임 워프 워,20190214090000,015,러시아,MG0000000001|MG0000000002|MG0000000013,드라마|액션|어드벤처,15,15세 관람가,,,N,
MM1000160738,타임 트랩 킬러,,Collider,20190307,,타임 트랩 킬러,20190314090000,002,미국,MG0000000002|MG0000000015,액션|SF,15,15세 관람가,,(주)루믹스미디어 ,N,
MM1000316968,타짜: 원 아이드 잭,,Tazza: One Eyed Jack,20190911,1568,타짜: 원 아이드 잭,20191008090000,001,대한민국,MG0000000001|MG0000000005,드라마|범죄,19,19세 관람가,싸이더스 ,롯데엔터테인먼트 ,N,
MM1000340382,터미네이터: 다크 페이트,,Terminator: Dark Fate,20191030,2400140,터미네이터: 다크 페이트,20200114000000,002,미국,MG0000000002|MG0000000015,액션|SF,15,15세 관람가,,월트 디즈니 컴퍼니 코리아 ,N,
MM1000318576,테러 라이브: 싸이코패스,,Terror Tales,20191002,,테러 라이브: 싸이코패스,20191010090000,002,미국,MG0000000001|MG0000000004,드라마|공포(호러),19,19세 관람가,,(주)소나무픽쳐스,N,
MM1000281906,텐: 시크릿 미션,,Ten: The Secret Mission,20190812,,텐: 시크릿 미션[캐치온],20191223090000,099,인도네시아,MG0000000001|MG0000000002|MG0000000005,드라마|액션|범죄,19,19세 관람가,,노바엔터테인먼트 ,N,
MM1000324701,텔 잇 투 더 비즈,,Tell It to the Bees,20191031,,텔 잇 투 더 비즈,20191106090000,008,영국,MG0000000001|MG0000000014,드라마|가족,15,15세 관람가,,(주)라이크 콘텐츠,N,
MM1000317129,토이 스토리 4,,Toy Story 4,20190620,3396277,토이 스토리 4,20191024000000,002,미국,MG0000000006|MG0000000008|MG0000000010|MG0000000013|MG0000000014,판타지|애니메이션|코미디|어드벤처|가족,0,전체 관람가,,월트디즈니컴퍼니코리아 유한책임회사,N,
MM1000132673,툼 인베이더,,TOMB INVADER,20190205,,툼 인베이더,20190207090000,002,미국,MG0000000002|MG0000000013,액션|어드벤처,15,15세 관람가,,(주)케이알씨지,N,
MM1000154729,트라이아스기 월드: 잃어버린 세계,,Triassic World,20190129,1,트라이아스기 월드: 잃어버린 세계,20190307090000,002,미국,MG0000000002|MG0000000013|MG0000000015,액션|어드벤처|SF,19,19세 관람가,,(주)소나무픽쳐스,N,
MM1000322844,트루 시크릿,,Celle que vous croyez,20191003,387,트루 시크릿,20191029090000,007,프랑스,MG0000000001|MG0000000011|MG0000000012,드라마|멜로/로맨스|미스터리,19,19세 관람가,,M&M 인터내셔널,N,
MM1000256486,트리트 미 라이크 파이어,,Joueurs,20190627,2449,트리트 미 라이크 파이,20190710090000,007,프랑스,MG0000000001|MG0000000005|MG0000000011,드라마|범죄|멜로/로맨스,19,19세 관람가,,(주)트리플픽쳐스,N,
MM1000314090,틴 스피릿,,TEEN SPIRIT,20190904,16,틴 스피릿,20190924090000,002,미국,MG0000000001|MG0000000014,드라마|가족,12,12세 관람가,,,N,
MM1000187188,파도치는 땅,,The Land on the Waves,20190404,151,파도치는 땅,20190415090000,001,대한민국,MG0000000001|MG0000000014,드라마|가족,12,12세 관람가,"전주국제영화제 , 투영2필름 ",아이 엠(eye m) ,N,
MM1000313366,파라노말 액티비티 2019,,It Lives Inside,20190917,,파라노말 액티비티 2019,20190926090000,002,미국,MG0000000001|MG0000000004,드라마|공포(호러),15,15세 관람가,,(주)소나무픽쳐스,N,
MM1000243893,파라노말 액티비티: 드림하우스,,The Terrible Two,20190612,,파라노말 액티비티: 드림 하우스,20190627090000,002,미국,MG0000000003|MG0000000004,스릴러|공포(호러),15,15세 관람가,,,N,
MM1000273630,파리 에듀케이션,,A PARIS EDUCATION,20190725,,파리 에듀케이션,20190801090000,007,프랑스,MG0000000001|MG0000000014,드라마|가족,15,15세 관람가,,찬란,N,
MM1000241145,파리의 딜릴리,,Dilili in Paris,20190529,2871,파리의 딜릴리,20190617090000,007,프랑스,MG0000000147|MG0000000153|MG0000000395,드라마|미스터리|가족,0,전체 관람가,Nord-Ouest Films,오드,N,
MM1000360572,파비안느에 관한 진실,,"La verite, The Truth",20191205,,파비안느에 관한 진실,20200422090000,003|007,일본|프랑스,MG0000000001|MG0000000014,드라마|가족,12,12세 관람가,,티캐스트 ,N,
MM1000218691,파업전야,,The Night Before Strike,20190501,593,파업전야,20190523090000,001,대한민국,MG0000000001|MG0000000014,드라마|가족,12,12세 관람가,장산곶매 ,(주)리틀빅픽처스 ,N,
MM1000132474,파이널리스트,,Imposed Piece,20190124,,파이널리스트,20190207090000,013|040,독일|벨기에,MG0000000001|MG0000000017,드라마|다큐멘터리,0,전체 관람가,,(주)트리플픽쳐스,N,
MM1000231990,파이브 피트,,Five Feet Apart,20190410,98661,파이브 피트,20190611090000,002,미국,MG0000000001|MG0000000011,드라마|멜로/로맨스,15,15세 관람가,,"(주)누리픽쳐스 , kth ",N,
MM1000323334,판소리 복서,,My Punch-Drunk Boxer,20191009,1019,판소리 복서,20191029090000,001,대한민국,MG0000000001|MG0000000010,드라마|코미디,12,12세 관람가,(주)바른손,CGV아트하우스,N,
MM1000327294,패트와 매트: 우당탕탕 크리스마스,,Pat a Mat: Zimni radovanky,20191107,,패트와 매트: 우당탕탕 크리스마스,20191113090000,023,체코,MG0000000120|MG0000000127,키즈애니|가족,0,전체 관람가,,(주)팝엔터테인먼트,N,
MM1000327299,패트와 매트: 우당탕탕 크리스마스,[해설판],Pat a Mat: Zimni radovanky,20191107,,패트와 매트: 우당탕탕 크리스마스[해설판],20191113090000,023,체코,MG0000000120|MG0000000127,키즈애니|가족,0,전체 관람가,,(주)팝엔터테인먼트,N,
MM1000160235,퍼미션,,Permission,20190227,,퍼미션,20190315090000,002,미국,MG0000000001|MG0000000010|MG0000000011,드라마|코미디|멜로/로맨스,19,19세 관람가,,에스와이코마드 ,N,
MM1000193320,퍼스트 리폼드,,First Reformed,20190411,1068,퍼스트 리폼드,20190422090000,002,미국,MG0000000001|MG0000000003,드라마|스릴러,15,15세 관람가,,(주)올스타엔터테인먼트,N,
MM1000324842,퍼펙트 스트레인저,,Perfect Strangers,20191024,,퍼펙트 스트레인저(2016),20191105090000,022,이탈리아,MG0000000001|MG0000000010,드라마|코미디,15,15세 관람가,,(주)삼백상회,N,
MM1000244848,퍼펙트 타겟,,15 Minutes Of War,20190620,,퍼펙트 타겟,20190625090000,007,프랑스,MG0000000001|MG0000000002|MG0000000009,드라마|액션|전쟁,15,15세 관람가,,(주)라이크콘텐츠 ,N,
MM1000323345,퍼펙트맨,,Man of Men,20191002,95373,퍼펙트맨(2019),20191031090000,001,대한민국,MG0000000001|MG0000000010,드라마|코미디,15,15세 관람가,"MANFILM , (주)쇼박스 ",(주)쇼박스,N,
MM1000238224,평일 오후 3시의 연인,,Hirugao: Love Affairs in the Afternoon,20190613,,평일 오후 3시의 연인,20190620090000,003,일본,MG0000000001|MG0000000011,드라마|멜로/로맨스,15,15세 관람가,,(주)팝엔터테인먼트 ,N,
MM1000141591,포 핸즈,,Four Hands,20190219,,포 핸즈[캐치온],20190826090000,013,독일,MG0000000001|MG0000000003,드라마|스릴러,15,15세 관람가,,세컨드웨이브 ,N,
MM1000295628,폭설,,SAVAGE,20190905,,폭설,20190905090000,004,중국,MG0000000002|MG0000000005|MG0000000012,액션|범죄|미스터리,15,15세 관람가,,(주)엔케이컨텐츠,N,
MM1000235768,폴라로이드,,Polaroid,20190606,151,폴라로이드[캐치온],20190806090000,002|009|053,미국|캐나다|노르웨이,MG0000000001|MG0000000004,드라마|공포(호러),15,15세 관람가,,(주)이수C&E ,N,
MM1000353653,프란치스코 교황: 맨 오브 히스 워드,,Pope Francis: A Man of His Word,20191121,,프란치스코 교황: 맨 오브 히스 워드,20200318090000,007|013|018|022,프랑스|독일|스위스|이탈리아,MG0000000001|MG0000000017,드라마|다큐멘터리,0,전체 관람가,,"백두대간 , 영화사 풀 ",N,
MM1000326603,프렌드 존,,Friend Zone,20191030,8266,프렌드 존,20191112090000,025,태국,MG0000000010|MG0000000011,코미디|멜로/로맨스,12,12세 관람가,,(주)디스테이션,N,
MM1000206226,프렌즈: 둥지탈출,,Manou the Swift,20190501,,프렌즈:둥지탈출,20190507090000,013,독일,MG0000000142|MG0000000143|MG0000000148|MG0000000395,판타지|어드벤처|코미디|가족,0,전체 관람가,LUXX Film,(주)박수엔터테인먼트,N,
MM1000209677,프로디지,,The Prodigy,20190404,4734,프로디지,20190513090000,002,미국,MG0000000003|MG0000000004,스릴러|공포(호러),15,15세 관람가,,판씨네마(주),N,
MM1000196316,프로스펙트,,PROSPECT,20190425,,프로스펙트,20190425090000,002|009,미국|캐나다,MG0000000002|MG0000000003|MG0000000015,액션|스릴러|SF,15,15세 관람가,,(주)풍경소리 ,N,
MM1000339867,프린스 코기,,The Queen's Corgi,20191224,,프린스 코기,20200106090000,040,벨기에,MG0000000148|MG0000000395,코미디|가족,0,전체 관람가,,(주)이수C&E,N,
MM1000227660,플레이 오어 다이,,PLAY or DIE,20190604,,플레이 오어 다이,20190604090000,040,벨기에,MG0000000003|MG0000000004,스릴러|공포(호러),19,19세 관람가,,(주)엔케이컨텐츠 ,N,
MM1000338484,플레이모빌: 더 무비,,PLAYMOBIL: THE MOVIE,20190911,28850,플레이모빌:더무비,20191231090000,009,캐나다,MG0000000142|MG0000000143|MG0000000148,판타지|어드벤처|코미디,0,전체 관람가,,(주)올스타엔터테인먼트,N,
MM1000229619,피터팬: 후크 선장과 결투의 날,,Peter Pan: The Quest for the Never Book,20190530,,피터팬: 후크선장과 결투의 날,20190604090000,021,아일랜드,MG0000000142|MG0000000143|MG0000000395,판타지|어드벤처|가족,0,전체 관람가,DQ Entertainment,(주)팝엔터테인먼트,N,
MM1000189112,필그리미지,,Pilgrimage,20190411,,필그리미지,20190416090000,002|021|040,미국|아일랜드|벨기에,MG0000000002|MG0000000013,액션|어드벤처,15,15세 관람가,,노바엔터테인먼트 ,N,
MM1000243047,하나레이 베이,,Hanalei Bay,20190606,378,하나레이 베이,20190625090000,003,일본,MG0000000001|MG0000000011,드라마|멜로/로맨스,15,15세 관람가,,(주)디오시네마,N,
MM1000245912,하우스 오브 투모로우,,The House of Tomorrow,20190620,,하우스 오브 투모로우,20190626090000,002,미국,MG0000000001|MG0000000014,드라마|가족,15,15세 관람가,워터스 엔드 프로덕션 ,(주)스톰픽쳐스코리아,N,
MM1000326559,하이 라이프,,HIGH LIFE,20191030,1011,하이 라이프(2018),20191111090000,007|008|013,프랑스|영국|독일,MG0000000003|MG0000000015,스릴러|SF,19,19세 관람가,,(주)올스타엔터테인먼트,N,
MM1000205389,하트스톤,,Heartstone,20190425,,하트스톤,20190507090000,036|084,덴마크|아이슬란드,MG0000000001|MG0000000011,드라마|멜로/로맨스,12,12세 관람가,,아이 엠(eye m) ,N,
MM1000124663,하트스트링스,,Le Coeur en braille,20190124,,하트스트링스,20190124090000,007,프랑스,MG0000000001|MG0000000010,드라마|코미디,0,전체 관람가,,(주)우성엔터테인먼트,N,
MM1000194052,한강에게,,To My River,20190404,607,한강에게,20190423090000,001,대한민국,MG0000000001|MG0000000011,드라마|멜로/로맨스,12,12세 관람가,영화사 행방 ,인디스토리 ,N,
MM1000269035,한낮의 피크닉,,Jam-si Swi-eo-ga-do Joa,20190704,328,한낮의 피크닉,20190724090000,001,대한민국,MG0000000001|MG0000000013|MG0000000014,드라마|어드벤처|가족,12,12세 관람가,서울독립영화제 ,서울독립영화제,N,
MM1000173134,항거: 유관순 이야기,,A Resistance,20190227,184976,항거: 유관순 이야기,20190402090000,001,대한민국,MG0000000001|MG0000000014,드라마|가족,12,12세 관람가,"디씨지플러스 , 조르바필름 ",롯데컬처웍스(주)롯데엔터테인먼트 ,N,
MM1000210517,해안가로의 여행,,Journey to the Shore,20190509,,해안가로의 여행,20190514090000,003|007,일본|프랑스,MG0000000001|MG0000000011,드라마|멜로/로맨스,15,15세 관람가,,,N,
MM1000328693,해킹 헌터: 마인드 컨트롤,,INCONTROL,20191122,,해킹 헌터: 마인드 컨트롤[캐치온],20200420000000,009,캐나다,MG0000000001|MG0000000003|MG0000000015,드라마|스릴러|SF,15,15세 관람가,,(주)도키엔터테인먼트 ,N,
MM1000158790,해피 데스데이 2 유,,Happy Death Day 2 U,20190214,,해피 데스데이 2 유,20190314000000,002,미국,MG0000000004|MG0000000010,공포(호러)|코미디,15,15세 관람가,,유니버설픽쳐스인터내셔널 코리아(유),N,
MM1000136879,해피니스 로드,,On Happiness Road,20190214,,해피니스 로드,20190214090000,005,대만,MG0000000001|MG0000000008|MG0000000014,드라마|애니메이션|가족,0,전체 관람가,,(주)콘텐츠판다,N,
MM1000249539,해피엔드,,Happy End,20190620,779,해피엔드(2019),20190701090000,007|013|090,프랑스|독일|오스트리아,MG0000000001|MG0000000014,드라마|가족,15,15세 관람가,,그린나래미디어(주),N,
MM1000223613,해피타임 스파이,,The Happytime Murders,20190523,126,해피타임 스파이,20190528090000,002,미국,MG0000000005|MG0000000010|MG0000000012,범죄|코미디|미스터리,19,19세 관람가,,(주)제이앤씨미디어그룹,N,
MM1000337452,행동하는 양심 김대중,,President,20191128,2490,행동하는 양심 김대중,20191224090000,001,대한민국,MG0000000001|MG0000000017,드라마|다큐멘터리,12,12세 관람가,명량문화재단,주식회사 마운틴픽쳐스,N,
MM1000128121,행맨,,Hangman,20190123,,행맨(2018),20190129090000,002,미국,MG0000000003|MG0000000005|MG0000000012,스릴러|범죄|미스터리,15,15세 관람가,,(주)박수엔터테인먼트,N,
MM1000279868,행복한 라짜로,,Lazzaro Felice,20190620,8404,행복한 라짜로,20190812090000,007|013|018|022,프랑스|독일|스위스|이탈리아,MG0000000001|MG0000000006,드라마|판타지,12,12세 관람가,,주식회사 슈아픽처스,N,
MM1000152744,허비 행콕: 무한한 가능성,,Herbie Hancock: Possibilities,20190221,,허비 행콕: 무한한 가능성,20190304000000,002,미국,MG0000000001|MG0000000017,드라마|다큐멘터리,0,전체 관람가,,(주)에스와이코마드,N,
MM1000334281,허슬러,,Hustlers,20191127,30701,허슬러,20191210090000,002,미국,MG0000000001|MG0000000005,드라마|범죄,19,19세 관람가,,"제이앤씨미디어그룹 , TCO더콘텐츠온 ",N,
MM1000144971,험악한 꿈,,Mean Dreams,20190214,,험악한 꿈,20190222090000,009,캐나다,MG0000000003|MG0000000011,스릴러|멜로/로맨스,15,15세 관람가,,판씨네마(주),N,
MM1000336079,헤로니모,,Jeronimo,20191121,6792,헤로니모,20191218090000,001|002,대한민국|미국,MG0000000001|MG0000000017,드라마|다큐멘터리,0,전체 관람가,Diaspora Film Production ,커넥트픽쳐스(주),N,
MM1000328085,헬로 몽키,,Monkey Magic,20191114,,헬로 몽키,20191119090000,004,중국,MG0000000142|MG0000000143|MG0000000144,판타지|어드벤처|액션,0,전체 관람가,,(주)박수엔터테인먼트,N,
MM1000316888,헬로우 평양,,A Postcard from PyongYang,20190926,,헬로우 평양,20191004090000,013,독일,MG0000000001|MG0000000017,드라마|다큐멘터리,0,전체 관람가,,(주)다자인소프트 ,N,
MM1000249360,헬보이,,Hellboy,20190410,323098,헬보이(2019),20190702000000,002,미국,MG0000000002|MG0000000006|MG0000000013|MG0000000389,액션|판타지|어드벤처|히어로,19,19세 관람가,,메가박스중앙(주)플러스엠,N,
MM1000292123,호크니,,Hockney,20190808,871,호크니,20190827090000,008,영국,MG0000000001|MG0000000017,드라마|다큐멘터리,12,12세 관람가,,"그린나래미디어(주) , 씨네그루(주)키다리이엔티 ",N,
MM1000229143,호텔 뭄바이,,Hotel Mumbai,20190508,1084,호텔 뭄바이,20190605090000,011,호주,MG0000000001|MG0000000003|MG0000000005,드라마|스릴러|범죄,15,15세 관람가,,글뫼(주),N,
MM1000342444,호흡,,Clean up,20191219,,호흡,20200116090000,001,대한민국,MG0000000001|MG0000000014,드라마|가족,15,15세 관람가,한국영화아카데미(KAFA FILMS) ,(주)영화사 그램 ,N,
MM1000314766,홍금보의 라이프타임 트레저,,A Lifetime Treasure,20191002,,홍금보의 라이프타임 트레저,20191002090000,006,홍콩,MG0000000002|MG0000000010,액션|코미디,12,12세 관람가,,(주)이놀미디어,N,
MM1000372029,화이트 라이언 찰리,,Mia and the White Lion,20190808,,화이트 라이언 찰리,20200608100000,007|013|041,프랑스|독일|남아프리카 공화국,MG0000000001|MG0000000014,드라마|가족,0,전체 관람가,,씨네룩스,N,
MM1000299120,후로티로봇 극장판,,FRUITY ROBO: the great escape,20190829,,후로티로봇 극장판,20190903090000,004,중국,MG0000000141|MG0000000143|MG0000000148|MG0000000395,SF|어드벤처|코미디|가족,0,전체 관람가,,(주)박수엔터테인먼트,N,
MM1000176310,히치하이크,,A Haunting Hitchhike,20190314,,히치하이크,20190403090000,001,대한민국,MG0000000001|MG0000000014,드라마|가족,12,12세 관람가,영화사 브리드,무브먼트,N,
MM1000315961,"힘을 내요, 미스터 리",,"CHEER UP, MR. LEE",20190911,5884,"힘을 내요, 미스터 리",20191001090000,001,대한민국,MG0000000001|MG0000000010,드라마|코미디,12,12세 관람가,(주)용필름 ,(주)NEW ,N,
